datetime,DA_scheduled_Belgium_MW,DA_scheduled_Germany_MW,DA_scheduled_Italy_MW,DA_scheduled_Luxembourg_MW,DA_scheduled_Spain_MW,DA_scheduled_Switzerland_MW,DA_scheduled_UnitedKingdom_MW,physical_actual_Belgium_MW,physical_actual_Germany_MW,physical_actual_Italy_MW,physical_actual_Luxembourg_MW,physical_actual_Spain_MW,physical_actual_Switzerland_MW,physical_actual_UnitedKingdom_MW
01/05/2024 00:00,3591.75,380,2200,0,-2115.8,2384.9,3028,3552.65,2006.71,998.25,0,-1997.6,1094.5,3066.5
01/05/2024 00:15,3591.75,380,2200,0,-2115.8,2384.9,3028,3552.65,2006.71,998.25,0,-1997.6,1094.5,3066.5
01/05/2024 00:30,3591.75,380,2200,0,-2115.8,2384.9,3028,3552.65,2006.71,998.25,0,-1997.6,1094.5,3066.5
01/05/2024 00:45,3591.75,380,2200,0,-2115.8,2384.9,3028,3552.65,2006.71,998.25,0,-1997.6,1094.5,3066.5
01/05/2024 01:00,3491,385,2200,0,-1721.2,2384.9,3028,3414.62,1875.78,973.25,0,-1826.84,1146.75,3067.25
01/05/2024 01:15,3491,385,2200,0,-1721.2,2384.9,3028,3414.62,1875.78,973.25,0,-1826.84,1146.75,3067.25
01/05/2024 01:30,3491,385,2200,0,-1721.2,2384.9,3028,3414.62,1875.78,973.25,0,-1826.84,1146.75,3067.25
01/05/2024 01:45,3491,385,2200,0,-1721.2,2384.9,3028,3414.62,1875.78,973.25,0,-1826.84,1146.75,3067.25
01/05/2024 02:00,3277,469,2200,0,-1915.3,2384.9,3028,3210.63,1883.91,941,0,-1946.23,1239,3065.75
01/05/2024 02:15,3277,469,2200,0,-1915.3,2384.9,3028,3210.63,1883.91,941,0,-1946.23,1239,3065.75
01/05/2024 02:30,3277,469,2200,0,-1915.3,2384.9,3028,3210.63,1883.91,941,0,-1946.23,1239,3065.75
01/05/2024 02:45,3277,469,2200,0,-1915.3,2384.9,3028,3210.63,1883.91,941,0,-1946.23,1239,3065.75
01/05/2024 03:00,3297.05,450,2200,0,-786.3,2384.9,3028,3417.7,1792.36,753.75,0,-1297.11,1157.5,3067
01/05/2024 03:15,3297.05,450,2200,0,-786.3,2384.9,3028,3417.7,1792.36,753.75,0,-1297.11,1157.5,3067
01/05/2024 03:30,3297.05,450,2200,0,-786.3,2384.9,3028,3417.7,1792.36,753.75,0,-1297.11,1157.5,3067
01/05/2024 03:45,3297.05,450,2200,0,-786.3,2384.9,3028,3417.7,1792.36,753.75,0,-1297.11,1157.5,3067
01/05/2024 04:00,3159.2,227,2200,0,-120.4,2384.9,2928,3641.08,1680.27,491.75,0,-269.68,1269,2977.25
01/05/2024 04:15,3159.2,227,2200,0,-120.4,2384.9,2928,3641.08,1680.27,491.75,0,-269.68,1269,2977.25
01/05/2024 04:30,3159.2,227,2200,0,-120.4,2384.9,2928,3641.08,1680.27,491.75,0,-269.68,1269,2977.25
01/05/2024 04:45,3159.2,227,2200,0,-120.4,2384.9,2928,3641.08,1680.27,491.75,0,-269.68,1269,2977.25
01/05/2024 05:00,3219.35,214,2200,0,-595.7,2384.9,2980,3865.33,1675.88,571.25,0,-482.02,1565.25,3008.75
01/05/2024 05:15,3219.35,214,2200,0,-595.7,2384.9,2980,3865.33,1675.88,571.25,0,-482.02,1565.25,3008.75
01/05/2024 05:30,3219.35,214,2200,0,-595.7,2384.9,2980,3865.33,1675.88,571.25,0,-482.02,1565.25,3008.75
01/05/2024 05:45,3219.35,214,2200,0,-595.7,2384.9,2980,3865.33,1675.88,571.25,0,-482.02,1565.25,3008.75
01/05/2024 06:00,3568.85,236,2200,0,-1459.8,2384.9,3006,3971.29,1513.41,713.25,0,-1013.85,2008.25,3039
01/05/2024 06:15,3568.85,236,2200,0,-1459.8,2384.9,3006,3971.29,1513.41,713.25,0,-1013.85,2008.25,3039
01/05/2024 06:30,3568.85,236,2200,0,-1459.8,2384.9,3006,3971.29,1513.41,713.25,0,-1013.85,2008.25,3039
01/05/2024 06:45,3568.85,236,2200,0,-1459.8,2384.9,3006,3971.29,1513.41,713.25,0,-1013.85,2008.25,3039
01/05/2024 07:00,3377.6,236,2200,0,-1689.2,2384.9,3028,4176.25,1565.95,869.75,0,-1485.17,2240.25,3064
01/05/2024 07:15,3377.6,236,2200,0,-1689.2,2384.9,3028,4176.25,1565.95,869.75,0,-1485.17,2240.25,3064
01/05/2024 07:30,3377.6,236,2200,0,-1689.2,2384.9,3028,4176.25,1565.95,869.75,0,-1485.17,2240.25,3064
01/05/2024 07:45,3377.6,236,2200,0,-1689.2,2384.9,3028,4176.25,1565.95,869.75,0,-1485.17,2240.25,3064
01/05/2024 08:00,2656.7000000000003,403,994,0,-2498.8,2347,3028,3411.56,898.83,606.25,0,-2062.03,1622.25,3068.5
01/05/2024 08:15,2656.7000000000003,403,994,0,-2498.8,2347,3028,3411.56,898.83,606.25,0,-2062.03,1622.25,3068.5
01/05/2024 08:30,2656.7000000000003,403,994,0,-2498.8,2347,3028,3411.56,898.83,606.25,0,-2062.03,1622.25,3068.5
01/05/2024 08:45,2656.7000000000003,403,994,0,-2498.8,2347,3028,3411.56,898.83,606.25,0,-2062.03,1622.25,3068.5
01/05/2024 09:00,367.9,713.9000000000001,574,0,-3191,1791.6,3028,1292.41,211.45,564,0,-2768.61,1336.75,3067
01/05/2024 09:15,367.9,713.9000000000001,574,0,-3191,1791.6,3028,1292.41,211.45,564,0,-2768.61,1336.75,3067
01/05/2024 09:30,367.9,713.9000000000001,574,0,-3191,1791.6,3028,1292.41,211.45,564,0,-2768.61,1336.75,3067
01/05/2024 09:45,367.9,713.9000000000001,574,0,-3191,1791.6,3028,1292.41,211.45,564,0,-2768.61,1336.75,3067
01/05/2024 10:00,-1720.65,-4117.8,-315,0,393.8000000000002,1072.5,3028,-1478.21,-2271.07,-213.5,0,-120.33,-736.75,3066.25
01/05/2024 10:15,-1720.65,-4117.8,-315,0,393.8000000000002,1072.5,3028,-1478.21,-2271.07,-213.5,0,-120.33,-736.75,3066.25
01/05/2024 10:30,-1720.65,-4117.8,-315,0,393.8000000000002,1072.5,3028,-1478.21,-2271.07,-213.5,0,-120.33,-736.75,3066.25
01/05/2024 10:45,-1720.65,-4117.8,-315,0,393.8000000000002,1072.5,3028,-1478.21,-2271.07,-213.5,0,-120.33,-736.75,3066.25
01/05/2024 11:00,-2253.5,-3949.4,-999,0,395.3000000000002,727.2,3028,-2556.22,-2648.29,-589,0,733.9,-1369.25,3066.75
01/05/2024 11:15,-2253.5,-3949.4,-999,0,395.3000000000002,727.2,3028,-2556.22,-2648.29,-589,0,733.9,-1369.25,3066.75
01/05/2024 11:30,-2253.5,-3949.4,-999,0,395.3000000000002,727.2,3028,-2556.22,-2648.29,-589,0,733.9,-1369.25,3066.75
01/05/2024 11:45,-2253.5,-3949.4,-999,0,395.3000000000002,727.2,3028,-2556.22,-2648.29,-589,0,733.9,-1369.25,3066.75
01/05/2024 12:00,-2668,-4641.35,-999,0,-346.1,425.0000000000001,3028,-3179.84,-2923.11,-725,0,174.77,-1787.25,3066.75
01/05/2024 12:15,-2668,-4641.35,-999,0,-346.1,425.0000000000001,3028,-3179.84,-2923.11,-725,0,174.77,-1787.25,3066.75
01/05/2024 12:30,-2668,-4641.35,-999,0,-346.1,425.0000000000001,3028,-3179.84,-2923.11,-725,0,174.77,-1787.25,3066.75
01/05/2024 12:45,-2668,-4641.35,-999,0,-346.1,425.0000000000001,3028,-3179.84,-2923.11,-725,0,174.77,-1787.25,3066.75
01/05/2024 13:00,-2689,-5672,-999,0,2429.6,294.79999999999995,3028,-3486.05,-3111.39,-803,0,1836.72,-2041.25,3066.25
01/05/2024 13:15,-2689,-5672,-999,0,2429.6,294.79999999999995,3028,-3486.05,-3111.39,-803,0,1836.72,-2041.25,3066.25
01/05/2024 13:30,-2689,-5672,-999,0,2429.6,294.79999999999995,3028,-3486.05,-3111.39,-803,0,1836.72,-2041.25,3066.25
01/05/2024 13:45,-2689,-5672,-999,0,2429.6,294.79999999999995,3028,-3486.05,-3111.39,-803,0,1836.72,-2041.25,3066.25
01/05/2024 14:00,-2590,-5731.95,-999,0,2930.7,355.1,3028,-3519.24,-3104.26,-788.75,0,2485.93,-1918.25,3066.75
01/05/2024 14:15,-2590,-5731.95,-999,0,2930.7,355.1,3028,-3519.24,-3104.26,-788.75,0,2485.93,-1918.25,3066.75
01/05/2024 14:30,-2590,-5731.95,-999,0,2930.7,355.1,3028,-3519.24,-3104.26,-788.75,0,2485.93,-1918.25,3066.75
01/05/2024 14:45,-2590,-5731.95,-999,0,2930.7,355.1,3028,-3519.24,-3104.26,-788.75,0,2485.93,-1918.25,3066.75
01/05/2024 15:00,-2512,-3948.1,-999,0,2217,591.3,3028,-2873.83,-2334.73,-719,0,2135.64,-1385.75,3065.75
01/05/2024 15:15,-2512,-3948.1,-999,0,2217,591.3,3028,-2873.83,-2334.73,-719,0,2135.64,-1385.75,3065.75
01/05/2024 15:30,-2512,-3948.1,-999,0,2217,591.3,3028,-2873.83,-2334.73,-719,0,2135.64,-1385.75,3065.75
01/05/2024 15:45,-2512,-3948.1,-999,0,2217,591.3,3028,-2873.83,-2334.73,-719,0,2135.64,-1385.75,3065.75
01/05/2024 16:00,-2037.1,-2100.1,-999,0,1077.4,1319.3,3028,-2268.03,-1548.55,-332.5,0,1284.13,-427,3066.5
01/05/2024 16:15,-2037.1,-2100.1,-999,0,1077.4,1319.3,3028,-2268.03,-1548.55,-332.5,0,1284.13,-427,3066.5
01/05/2024 16:30,-2037.1,-2100.1,-999,0,1077.4,1319.3,3028,-2268.03,-1548.55,-332.5,0,1284.13,-427,3066.5
01/05/2024 16:45,-2037.1,-2100.1,-999,0,1077.4,1319.3,3028,-2268.03,-1548.55,-332.5,0,1284.13,-427,3066.5
01/05/2024 17:00,-328.5,302.45,140,0,-2500,2227,3028,-141.79,745.97,296.5,0,-1691.95,1338.75,3067.75
01/05/2024 17:15,-328.5,302.45,140,0,-2500,2227,3028,-141.79,745.97,296.5,0,-1691.95,1338.75,3067.75
01/05/2024 17:30,-328.5,302.45,140,0,-2500,2227,3028,-141.79,745.97,296.5,0,-1691.95,1338.75,3067.75
01/05/2024 17:45,-328.5,302.45,140,0,-2500,2227,3028,-141.79,745.97,296.5,0,-1691.95,1338.75,3067.75
01/05/2024 18:00,1367.45,1074.05,1861,0,-2500,2325.9,3028,1153.63,2095.41,777.75,0,-2473.14,2638.5,3066
01/05/2024 18:15,1367.45,1074.05,1861,0,-2500,2325.9,3028,1153.63,2095.41,777.75,0,-2473.14,2638.5,3066
01/05/2024 18:30,1367.45,1074.05,1861,0,-2500,2325.9,3028,1153.63,2095.41,777.75,0,-2473.14,2638.5,3066
01/05/2024 18:45,1367.45,1074.05,1861,0,-2500,2325.9,3028,1153.63,2095.41,777.75,0,-2473.14,2638.5,3066
01/05/2024 19:00,2753,1151,2200,0,-2500,2384,3027,2304.28,2151.5,920,0,-2475.44,2334.5,3064.25
01/05/2024 19:15,2753,1151,2200,0,-2500,2384,3027,2304.28,2151.5,920,0,-2475.44,2334.5,3064.25
01/05/2024 19:30,2753,1151,2200,0,-2500,2384,3027,2304.28,2151.5,920,0,-2475.44,2334.5,3064.25
01/05/2024 19:45,2753,1151,2200,0,-2500,2384,3027,2304.28,2151.5,920,0,-2475.44,2334.5,3064.25
01/05/2024 20:00,2880,1056,2200,0,-2500,2373,3028,2196.41,2142.08,1027.5,0,-2348.56,2313.5,3067.5
01/05/2024 20:15,2880,1056,2200,0,-2500,2373,3028,2196.41,2142.08,1027.5,0,-2348.56,2313.5,3067.5
01/05/2024 20:30,2880,1056,2200,0,-2500,2373,3028,2196.41,2142.08,1027.5,0,-2348.56,2313.5,3067.5
01/05/2024 20:45,2880,1056,2200,0,-2500,2373,3028,2196.41,2142.08,1027.5,0,-2348.56,2313.5,3067.5
01/05/2024 21:00,2883,1158,2200,0,-788.3,2384,3028,2174.92,2343.18,1140.75,0,-860.56,2711.75,3066
01/05/2024 21:15,2883,1158,2200,0,-788.3,2384,3028,2174.92,2343.18,1140.75,0,-860.56,2711.75,3066
01/05/2024 21:30,2883,1158,2200,0,-788.3,2384,3028,2174.92,2343.18,1140.75,0,-860.56,2711.75,3066
01/05/2024 21:45,2883,1158,2200,0,-788.3,2384,3028,2174.92,2343.18,1140.75,0,-860.56,2711.75,3066
01/05/2024 22:00,1590.95,924.35,2200,0,-256,2384,3028,1180.32,2155.56,1209.5,0,-156.32,2932.25,3065.25
01/05/2024 22:15,1590.95,924.35,2200,0,-256,2384,3028,1180.32,2155.56,1209.5,0,-156.32,2932.25,3065.25
01/05/2024 22:30,1590.95,924.35,2200,0,-256,2384,3028,1180.32,2155.56,1209.5,0,-156.32,2932.25,3065.25
01/05/2024 22:45,1590.95,924.35,2200,0,-256,2384,3028,1180.32,2155.56,1209.5,0,-156.32,2932.25,3065.25
01/05/2024 23:00,2176,447.75,2200,0,-1517.8,2384,3028,1384.48,1953.5,1053,0,-1049.27,2770.75,3065.75
01/05/2024 23:15,2176,447.75,2200,0,-1517.8,2384,3028,1384.48,1953.5,1053,0,-1049.27,2770.75,3065.75
01/05/2024 23:30,2176,447.75,2200,0,-1517.8,2384,3028,1384.48,1953.5,1053,0,-1049.27,2770.75,3065.75
01/05/2024 23:45,2176,447.75,2200,0,-1517.8,2384,3028,1384.48,1953.5,1053,0,-1049.27,2770.75,3065.75
02/05/2024 00:00,2364,938,2200,0,-260.4,2227,3028,1555.04,1877.66,1084.5,0,-422.4,2998.75,3066.5
02/05/2024 00:15,2364,938,2200,0,-260.4,2227,3028,1555.04,1877.66,1084.5,0,-422.4,2998.75,3066.5
02/05/2024 00:30,2364,938,2200,0,-260.4,2227,3028,1555.04,1877.66,1084.5,0,-422.4,2998.75,3066.5
02/05/2024 00:45,2364,938,2200,0,-260.4,2227,3028,1555.04,1877.66,1084.5,0,-422.4,2998.75,3066.5
02/05/2024 01:00,2124,662.05,2200,0,-437,2227,3028,1492.63,1951.38,983,0,-218.17,2799.25,3066.25
02/05/2024 01:15,2124,662.05,2200,0,-437,2227,3028,1492.63,1951.38,983,0,-218.17,2799.25,3066.25
02/05/2024 01:30,2124,662.05,2200,0,-437,2227,3028,1492.63,1951.38,983,0,-218.17,2799.25,3066.25
02/05/2024 01:45,2124,662.05,2200,0,-437,2227,3028,1492.63,1951.38,983,0,-218.17,2799.25,3066.25
02/05/2024 02:00,2086,468.55,2200,0,-686.2,2224.9,2713,1727.15,1684.25,887.75,0,-533.32,2654.5,2785.25
02/05/2024 02:15,2086,468.55,2200,0,-686.2,2224.9,2713,1727.15,1684.25,887.75,0,-533.32,2654.5,2785.25
02/05/2024 02:30,2086,468.55,2200,0,-686.2,2224.9,2713,1727.15,1684.25,887.75,0,-533.32,2654.5,2785.25
02/05/2024 02:45,2086,468.55,2200,0,-686.2,2224.9,2713,1727.15,1684.25,887.75,0,-533.32,2654.5,2785.25
02/05/2024 03:00,2232.6,466.85,2200,0,207.9,2227,3028,1672.59,1641.26,792.25,0,139.72,2470.25,3026
02/05/2024 03:15,2232.6,466.85,2200,0,207.9,2227,3028,1672.59,1641.26,792.25,0,139.72,2470.25,3026
02/05/2024 03:30,2232.6,466.85,2200,0,207.9,2227,3028,1672.59,1641.26,792.25,0,139.72,2470.25,3026
02/05/2024 03:45,2232.6,466.85,2200,0,207.9,2227,3028,1672.59,1641.26,792.25,0,139.72,2470.25,3026
02/05/2024 04:00,2466,982.7,2200,0,437.2000000000001,2227,3028,2103.77,1943.42,834.5,0,369.73,2515.25,3066
02/05/2024 04:15,2466,982.7,2200,0,437.2000000000001,2227,3028,2103.77,1943.42,834.5,0,369.73,2515.25,3066
02/05/2024 04:30,2466,982.7,2200,0,437.2000000000001,2227,3028,2103.77,1943.42,834.5,0,369.73,2515.25,3066
02/05/2024 04:45,2466,982.7,2200,0,437.2000000000001,2227,3028,2103.77,1943.42,834.5,0,369.73,2515.25,3066
02/05/2024 05:00,2850.9,1222,2200,0,-577.1,2227,3027,2605.87,2122.55,1245.5,0,-257.95,2534.5,3064.25
02/05/2024 05:15,2850.9,1222,2200,0,-577.1,2227,3027,2605.87,2122.55,1245.5,0,-257.95,2534.5,3064.25
02/05/2024 05:30,2850.9,1222,2200,0,-577.1,2227,3027,2605.87,2122.55,1245.5,0,-257.95,2534.5,3064.25
02/05/2024 05:45,2850.9,1222,2200,0,-577.1,2227,3027,2605.87,2122.55,1245.5,0,-257.95,2534.5,3064.25
02/05/2024 06:00,3017.85,1171,2200,0,-337.6,2202,3028,3116.01,2451.19,1339,0,-284.38,1810,3066.75
02/05/2024 06:15,3017.85,1171,2200,0,-337.6,2202,3028,3116.01,2451.19,1339,0,-284.38,1810,3066.75
02/05/2024 06:30,3017.85,1171,2200,0,-337.6,2202,3028,3116.01,2451.19,1339,0,-284.38,1810,3066.75
02/05/2024 06:45,3017.85,1171,2200,0,-337.6,2202,3028,3116.01,2451.19,1339,0,-284.38,1810,3066.75
02/05/2024 07:00,3443,963,2200,0,-733.1,2227,3028,3420.24,2281.66,1266.5,0,-569.17,1284,3063.25
02/05/2024 07:15,3443,963,2200,0,-733.1,2227,3028,3420.24,2281.66,1266.5,0,-569.17,1284,3063.25
02/05/2024 07:30,3443,963,2200,0,-733.1,2227,3028,3420.24,2281.66,1266.5,0,-569.17,1284,3063.25
02/05/2024 07:45,3443,963,2200,0,-733.1,2227,3028,3420.24,2281.66,1266.5,0,-569.17,1284,3063.25
02/05/2024 08:00,3377,1183,2200,0,-1792.9,2227,3028,3325.7,1911.81,1011.5,0,-1778.93,1192.5,3063.5
02/05/2024 08:15,3377,1183,2200,0,-1792.9,2227,3028,3325.7,1911.81,1011.5,0,-1778.93,1192.5,3063.5
02/05/2024 08:30,3377,1183,2200,0,-1792.9,2227,3028,3325.7,1911.81,1011.5,0,-1778.93,1192.5,3063.5
02/05/2024 08:45,3377,1183,2200,0,-1792.9,2227,3028,3325.7,1911.81,1011.5,0,-1778.93,1192.5,3063.5
02/05/2024 09:00,2153.9,1536,2101,0,-2600.1,2227,3028,2192.98,1732.72,809,0,-2479.83,1460,3064.5
02/05/2024 09:15,2153.9,1536,2101,0,-2600.1,2227,3028,2192.98,1732.72,809,0,-2479.83,1460,3064.5
02/05/2024 09:30,2153.9,1536,2101,0,-2600.1,2227,3028,2192.98,1732.72,809,0,-2479.83,1460,3064.5
02/05/2024 09:45,2153.9,1536,2101,0,-2600.1,2227,3028,2192.98,1732.72,809,0,-2479.83,1460,3064.5
02/05/2024 10:00,1209,-143.9,2101,0,-2403.7,2227,3027,1172.73,1168.22,615.75,0,-2322.06,1136,3063.5
02/05/2024 10:15,1209,-143.9,2101,0,-2403.7,2227,3027,1172.73,1168.22,615.75,0,-2322.06,1136,3063.5
02/05/2024 10:30,1209,-143.9,2101,0,-2403.7,2227,3027,1172.73,1168.22,615.75,0,-2322.06,1136,3063.5
02/05/2024 10:45,1209,-143.9,2101,0,-2403.7,2227,3027,1172.73,1168.22,615.75,0,-2322.06,1136,3063.5
02/05/2024 11:00,-521.25,-97,2101,0,-3052,2227,3027,-0.91,731.47,599,0,-2354.41,1022,3064.25
02/05/2024 11:15,-521.25,-97,2101,0,-3052,2227,3027,-0.91,731.47,599,0,-2354.41,1022,3064.25
02/05/2024 11:30,-521.25,-97,2101,0,-3052,2227,3027,-0.91,731.47,599,0,-2354.41,1022,3064.25
02/05/2024 11:45,-521.25,-97,2101,0,-3052,2227,3027,-0.91,731.47,599,0,-2354.41,1022,3064.25
02/05/2024 12:00,-1232,-1263,2434,0,-3052,2227,3028,-452.8,206.48,560.25,0,-2836.29,1089.75,3065.75
02/05/2024 12:15,-1232,-1263,2434,0,-3052,2227,3028,-452.8,206.48,560.25,0,-2836.29,1089.75,3065.75
02/05/2024 12:30,-1232,-1263,2434,0,-3052,2227,3028,-452.8,206.48,560.25,0,-2836.29,1089.75,3065.75
02/05/2024 12:45,-1232,-1263,2434,0,-3052,2227,3028,-452.8,206.48,560.25,0,-2836.29,1089.75,3065.75
02/05/2024 13:00,-879.25,-307.95,2434,0,-2681.1,2227,3028,-99.72,466.22,634.75,0,-2621.02,1361,3066.25
02/05/2024 13:15,-879.25,-307.95,2434,0,-2681.1,2227,3028,-99.72,466.22,634.75,0,-2621.02,1361,3066.25
02/05/2024 13:30,-879.25,-307.95,2434,0,-2681.1,2227,3028,-99.72,466.22,634.75,0,-2621.02,1361,3066.25
02/05/2024 13:45,-879.25,-307.95,2434,0,-2681.1,2227,3028,-99.72,466.22,634.75,0,-2621.02,1361,3066.25
02/05/2024 14:00,-978.7,-2638.65,2434,0,1065.7,2227,3028,-589.41,-234.24,281.25,0,217.18,629.25,3063.75
02/05/2024 14:15,-978.7,-2638.65,2434,0,1065.7,2227,3028,-589.41,-234.24,281.25,0,217.18,629.25,3063.75
02/05/2024 14:30,-978.7,-2638.65,2434,0,1065.7,2227,3028,-589.41,-234.24,281.25,0,217.18,629.25,3063.75
02/05/2024 14:45,-978.7,-2638.65,2434,0,1065.7,2227,3028,-589.41,-234.24,281.25,0,217.18,629.25,3063.75
02/05/2024 15:00,1542,930.45,2819,0,-2701.8,2227,3028,1616.37,1436.88,840,0,-1667.99,1693.25,3064.25
02/05/2024 15:15,1542,930.45,2819,0,-2701.8,2227,3028,1616.37,1436.88,840,0,-1667.99,1693.25,3064.25
02/05/2024 15:30,1542,930.45,2819,0,-2701.8,2227,3028,1616.37,1436.88,840,0,-1667.99,1693.25,3064.25
02/05/2024 15:45,1542,930.45,2819,0,-2701.8,2227,3028,1616.37,1436.88,840,0,-1667.99,1693.25,3064.25
02/05/2024 16:00,2632.5,1172.65,2819,0,-2830.6,2227,3028,2689.22,1872.88,1033,0,-2740.56,2371.75,3063.75
02/05/2024 16:15,2632.5,1172.65,2819,0,-2830.6,2227,3028,2689.22,1872.88,1033,0,-2740.56,2371.75,3063.75
02/05/2024 16:30,2632.5,1172.65,2819,0,-2830.6,2227,3028,2689.22,1872.88,1033,0,-2740.56,2371.75,3063.75
02/05/2024 16:45,2632.5,1172.65,2819,0,-2830.6,2227,3028,2689.22,1872.88,1033,0,-2740.56,2371.75,3063.75
02/05/2024 17:00,3182,1267,2819,0,-1188.2,2227,3028,2945.87,2153.56,1021.5,0,-1382.8,2466.25,3063.25
02/05/2024 17:15,3182,1267,2819,0,-1188.2,2227,3028,2945.87,2153.56,1021.5,0,-1382.8,2466.25,3063.25
02/05/2024 17:30,3182,1267,2819,0,-1188.2,2227,3028,2945.87,2153.56,1021.5,0,-1382.8,2466.25,3063.25
02/05/2024 17:45,3182,1267,2819,0,-1188.2,2227,3028,2945.87,2153.56,1021.5,0,-1382.8,2466.25,3063.25
02/05/2024 18:00,3460,1284,2200,0,-953.9,2227,3028,3473,2252.31,1023.25,0,-875.24,1600.5,3065.75
02/05/2024 18:15,3460,1284,2200,0,-953.9,2227,3028,3473,2252.31,1023.25,0,-875.24,1600.5,3065.75
02/05/2024 18:30,3460,1284,2200,0,-953.9,2227,3028,3473,2252.31,1023.25,0,-875.24,1600.5,3065.75
02/05/2024 18:45,3460,1284,2200,0,-953.9,2227,3028,3473,2252.31,1023.25,0,-875.24,1600.5,3065.75
02/05/2024 19:00,2925,1165,2200,0,220.3,2227,3028,3362.52,2360.48,887.5,0,30.48,907.25,3064.75
02/05/2024 19:15,2925,1165,2200,0,220.3,2227,3028,3362.52,2360.48,887.5,0,30.48,907.25,3064.75
02/05/2024 19:30,2925,1165,2200,0,220.3,2227,3028,3362.52,2360.48,887.5,0,30.48,907.25,3064.75
02/05/2024 19:45,2925,1165,2200,0,220.3,2227,3028,3362.52,2360.48,887.5,0,30.48,907.25,3064.75
02/05/2024 20:00,2883,1174,2200,0,2420.7,2227,3028,3161.97,2301.39,734,0,2546.72,669,3064.75
02/05/2024 20:15,2883,1174,2200,0,2420.7,2227,3028,3161.97,2301.39,734,0,2546.72,669,3064.75
02/05/2024 20:30,2883,1174,2200,0,2420.7,2227,3028,3161.97,2301.39,734,0,2546.72,669,3064.75
02/05/2024 20:45,2883,1174,2200,0,2420.7,2227,3028,3161.97,2301.39,734,0,2546.72,669,3064.75
02/05/2024 21:00,2870,-45,2809,0,3300,2227,3028,2641.66,2104.12,912.5,0,3313.14,1108,3064
02/05/2024 21:15,2870,-45,2809,0,3300,2227,3028,2641.66,2104.12,912.5,0,3313.14,1108,3064
02/05/2024 21:30,2870,-45,2809,0,3300,2227,3028,2641.66,2104.12,912.5,0,3313.14,1108,3064
02/05/2024 21:45,2870,-45,2809,0,3300,2227,3028,2641.66,2104.12,912.5,0,3313.14,1108,3064
02/05/2024 22:00,2750.75,466.2,2875.3,0,1977,2093.7,3028,2434.31,2102.29,1117.5,0,2337.12,1556.5,3065.75
02/05/2024 22:15,2750.75,466.2,2875.3,0,1977,2093.7,3028,2434.31,2102.29,1117.5,0,2337.12,1556.5,3065.75
02/05/2024 22:30,2750.75,466.2,2875.3,0,1977,2093.7,3028,2434.31,2102.29,1117.5,0,2337.12,1556.5,3065.75
02/05/2024 22:45,2750.75,466.2,2875.3,0,1977,2093.7,3028,2434.31,2102.29,1117.5,0,2337.12,1556.5,3065.75
02/05/2024 23:00,2820.7,1521,2720,0,1420.6,2227,3028,2466.56,2083.57,1111.5,0,1507.06,2408.75,3063.25
02/05/2024 23:15,2820.7,1521,2720,0,1420.6,2227,3028,2466.56,2083.57,1111.5,0,1507.06,2408.75,3063.25
02/05/2024 23:30,2820.7,1521,2720,0,1420.6,2227,3028,2466.56,2083.57,1111.5,0,1507.06,2408.75,3063.25
02/05/2024 23:45,2820.7,1521,2720,0,1420.6,2227,3028,2466.56,2083.57,1111.5,0,1507.06,2408.75,3063.25
03/05/2024 00:00,2275,1368,2200,0,3000,2227,3028,1999.24,1681.44,831.75,0,2496.61,2264.25,3065.25
03/05/2024 00:15,2275,1368,2200,0,3000,2227,3028,1999.24,1681.44,831.75,0,2496.61,2264.25,3065.25
03/05/2024 00:30,2275,1368,2200,0,3000,2227,3028,1999.24,1681.44,831.75,0,2496.61,2264.25,3065.25
03/05/2024 00:45,2275,1368,2200,0,3000,2227,3028,1999.24,1681.44,831.75,0,2496.61,2264.25,3065.25
03/05/2024 01:00,2046,1399,2200,0,2809.1000000000004,2227,3028,1675.94,1909.13,650,0,2813.47,2278.5,3066.5
03/05/2024 01:15,2046,1399,2200,0,2809.1000000000004,2227,3028,1675.94,1909.13,650,0,2813.47,2278.5,3066.5
03/05/2024 01:30,2046,1399,2200,0,2809.1000000000004,2227,3028,1675.94,1909.13,650,0,2813.47,2278.5,3066.5
03/05/2024 01:45,2046,1399,2200,0,2809.1000000000004,2227,3028,1675.94,1909.13,650,0,2813.47,2278.5,3066.5
03/05/2024 02:00,1791.8,1426,2200,0,2639.4,2227,3028,1202,2185.07,516,0,2653.96,2374.75,3067
03/05/2024 02:15,1791.8,1426,2200,0,2639.4,2227,3028,1202,2185.07,516,0,2653.96,2374.75,3067
03/05/2024 02:30,1791.8,1426,2200,0,2639.4,2227,3028,1202,2185.07,516,0,2653.96,2374.75,3067
03/05/2024 02:45,1791.8,1426,2200,0,2639.4,2227,3028,1202,2185.07,516,0,2653.96,2374.75,3067
03/05/2024 03:00,1711.75,1425,2200,0,2736.9,2227,3028,1595.73,2288.24,440.5,0,2690.08,2342.5,3065.75
03/05/2024 03:15,1711.75,1425,2200,0,2736.9,2227,3028,1595.73,2288.24,440.5,0,2690.08,2342.5,3065.75
03/05/2024 03:30,1711.75,1425,2200,0,2736.9,2227,3028,1595.73,2288.24,440.5,0,2690.08,2342.5,3065.75
03/05/2024 03:45,1711.75,1425,2200,0,2736.9,2227,3028,1595.73,2288.24,440.5,0,2690.08,2342.5,3065.75
03/05/2024 04:00,1208.35,1450,2200,0,3100,2227,3028,1588.11,2373.27,408.25,0,2966.62,1996.75,3065.75
03/05/2024 04:15,1208.35,1450,2200,0,3100,2227,3028,1588.11,2373.27,408.25,0,2966.62,1996.75,3065.75
03/05/2024 04:30,1208.35,1450,2200,0,3100,2227,3028,1588.11,2373.27,408.25,0,2966.62,1996.75,3065.75
03/05/2024 04:45,1208.35,1450,2200,0,3100,2227,3028,1588.11,2373.27,408.25,0,2966.62,1996.75,3065.75
03/05/2024 05:00,1554.7,550,2200,0,2452.2,2227,3028,1509.02,2059.25,436.25,0,2656.1,1567.75,3066.75
03/05/2024 05:15,1554.7,550,2200,0,2452.2,2227,3028,1509.02,2059.25,436.25,0,2656.1,1567.75,3066.75
03/05/2024 05:30,1554.7,550,2200,0,2452.2,2227,3028,1509.02,2059.25,436.25,0,2656.1,1567.75,3066.75
03/05/2024 05:45,1554.7,550,2200,0,2452.2,2227,3028,1509.02,2059.25,436.25,0,2656.1,1567.75,3066.75
03/05/2024 06:00,1801,655,2200,0,2431,2227,3028,2168.97,2299.71,521.75,0,2627.24,626,3064.25
03/05/2024 06:15,1801,655,2200,0,2431,2227,3028,2168.97,2299.71,521.75,0,2627.24,626,3064.25
03/05/2024 06:30,1801,655,2200,0,2431,2227,3028,2168.97,2299.71,521.75,0,2627.24,626,3064.25
03/05/2024 06:45,1801,655,2200,0,2431,2227,3028,2168.97,2299.71,521.75,0,2627.24,626,3064.25
03/05/2024 07:00,2094,987,2200,0,1307.5,2227,3028,2970.01,2431.57,709.75,0,1685.24,210,3064.5
03/05/2024 07:15,2094,987,2200,0,1307.5,2227,3028,2970.01,2431.57,709.75,0,1685.24,210,3064.5
03/05/2024 07:30,2094,987,2200,0,1307.5,2227,3028,2970.01,2431.57,709.75,0,1685.24,210,3064.5
03/05/2024 07:45,2094,987,2200,0,1307.5,2227,3028,2970.01,2431.57,709.75,0,1685.24,210,3064.5
03/05/2024 08:00,2553,1162,2200,0,473.4,2227,3028,3424.29,2425.6,854,0,369.77,395.5,3063.5
03/05/2024 08:15,2553,1162,2200,0,473.4,2227,3028,3424.29,2425.6,854,0,369.77,395.5,3063.5
03/05/2024 08:30,2553,1162,2200,0,473.4,2227,3028,3424.29,2425.6,854,0,369.77,395.5,3063.5
03/05/2024 08:45,2553,1162,2200,0,473.4,2227,3028,3424.29,2425.6,854,0,369.77,395.5,3063.5
03/05/2024 09:00,2949,992,2200,0,-1159.7,2227,3028,3886.66,2122.85,888.25,0,-682.22,404.75,3063.5
03/05/2024 09:15,2949,992,2200,0,-1159.7,2227,3028,3886.66,2122.85,888.25,0,-682.22,404.75,3063.5
03/05/2024 09:30,2949,992,2200,0,-1159.7,2227,3028,3886.66,2122.85,888.25,0,-682.22,404.75,3063.5
03/05/2024 09:45,2949,992,2200,0,-1159.7,2227,3028,3886.66,2122.85,888.25,0,-682.22,404.75,3063.5
03/05/2024 10:00,2933,1266,2200,0,-2369.8,2227,3028,3745.6,2147.25,1085,0,-1895.7,885.25,3063
03/05/2024 10:15,2933,1266,2200,0,-2369.8,2227,3028,3745.6,2147.25,1085,0,-1895.7,885.25,3063
03/05/2024 10:30,2933,1266,2200,0,-2369.8,2227,3028,3745.6,2147.25,1085,0,-1895.7,885.25,3063
03/05/2024 10:45,2933,1266,2200,0,-2369.8,2227,3028,3745.6,2147.25,1085,0,-1895.7,885.25,3063
03/05/2024 11:00,3041.45,1285,2200,0,-2167.6,2227,3028,3669.28,2135.24,1029,0,-2044.16,1265.75,3064.5
03/05/2024 11:15,3041.45,1285,2200,0,-2167.6,2227,3028,3669.28,2135.24,1029,0,-2044.16,1265.75,3064.5
03/05/2024 11:30,3041.45,1285,2200,0,-2167.6,2227,3028,3669.28,2135.24,1029,0,-2044.16,1265.75,3064.5
03/05/2024 11:45,3041.45,1285,2200,0,-2167.6,2227,3028,3669.28,2135.24,1029,0,-2044.16,1265.75,3064.5
03/05/2024 12:00,2669,1536,2200,0,-2729,2227,3028,3067.06,2152.11,1001,0,-2427.87,1401,3066.75
03/05/2024 12:15,2669,1536,2200,0,-2729,2227,3028,3067.06,2152.11,1001,0,-2427.87,1401,3066.75
03/05/2024 12:30,2669,1536,2200,0,-2729,2227,3028,3067.06,2152.11,1001,0,-2427.87,1401,3066.75
03/05/2024 12:45,2669,1536,2200,0,-2729,2227,3028,3067.06,2152.11,1001,0,-2427.87,1401,3066.75
03/05/2024 13:00,2044.3,1923,2200,0,-2525.3,2227,3028,2579.77,2212.4,1050.5,0,-2447.21,1775.5,3065.25
03/05/2024 13:15,2044.3,1923,2200,0,-2525.3,2227,3028,2579.77,2212.4,1050.5,0,-2447.21,1775.5,3065.25
03/05/2024 13:30,2044.3,1923,2200,0,-2525.3,2227,3028,2579.77,2212.4,1050.5,0,-2447.21,1775.5,3065.25
03/05/2024 13:45,2044.3,1923,2200,0,-2525.3,2227,3028,2579.77,2212.4,1050.5,0,-2447.21,1775.5,3065.25
03/05/2024 14:00,1583.55,1987,2200,0,-2556.3,2227,3028,2275.55,2053.65,1080,0,-2446.07,1856.25,3067.5
03/05/2024 14:15,1583.55,1987,2200,0,-2556.3,2227,3028,2275.55,2053.65,1080,0,-2446.07,1856.25,3067.5
03/05/2024 14:30,1583.55,1987,2200,0,-2556.3,2227,3028,2275.55,2053.65,1080,0,-2446.07,1856.25,3067.5
03/05/2024 14:45,1583.55,1987,2200,0,-2556.3,2227,3028,2275.55,2053.65,1080,0,-2446.07,1856.25,3067.5
03/05/2024 15:00,1052.25,2267,2200,0,-2600,2227,3028,1967.09,2244.87,1071.75,0,-2594.19,1674.75,3065.5
03/05/2024 15:15,1052.25,2267,2200,0,-2600,2227,3028,1967.09,2244.87,1071.75,0,-2594.19,1674.75,3065.5
03/05/2024 15:30,1052.25,2267,2200,0,-2600,2227,3028,1967.09,2244.87,1071.75,0,-2594.19,1674.75,3065.5
03/05/2024 15:45,1052.25,2267,2200,0,-2600,2227,3028,1967.09,2244.87,1071.75,0,-2594.19,1674.75,3065.5
03/05/2024 16:00,365.85,2375,2200,0,-2600,2227,3028,1368.86,2333.05,970.5,0,-2547.24,1616.25,3066.5
03/05/2024 16:15,365.85,2375,2200,0,-2600,2227,3028,1368.86,2333.05,970.5,0,-2547.24,1616.25,3066.5
03/05/2024 16:30,365.85,2375,2200,0,-2600,2227,3028,1368.86,2333.05,970.5,0,-2547.24,1616.25,3066.5
03/05/2024 16:45,365.85,2375,2200,0,-2600,2227,3028,1368.86,2333.05,970.5,0,-2547.24,1616.25,3066.5
03/05/2024 17:00,918.05,2231,2500,0,-3153.7,2227,3028,1362.19,2463.34,1081.5,0,-2983.55,1289.5,3066
03/05/2024 17:15,918.05,2231,2500,0,-3153.7,2227,3028,1362.19,2463.34,1081.5,0,-2983.55,1289.5,3066
03/05/2024 17:30,918.05,2231,2500,0,-3153.7,2227,3028,1362.19,2463.34,1081.5,0,-2983.55,1289.5,3066
03/05/2024 17:45,918.05,2231,2500,0,-3153.7,2227,3028,1362.19,2463.34,1081.5,0,-2983.55,1289.5,3066
03/05/2024 18:00,1350.9,901,2500,0,-2497,2227,3028,1510.64,2531.36,1156.25,0,-2471.29,826.5,3067.5
03/05/2024 18:15,1350.9,901,2500,0,-2497,2227,3028,1510.64,2531.36,1156.25,0,-2471.29,826.5,3067.5
03/05/2024 18:30,1350.9,901,2500,0,-2497,2227,3028,1510.64,2531.36,1156.25,0,-2471.29,826.5,3067.5
03/05/2024 18:45,1350.9,901,2500,0,-2497,2227,3028,1510.64,2531.36,1156.25,0,-2471.29,826.5,3067.5
03/05/2024 19:00,1491,2023,2500,0,-2497,2227,3028,2033.84,2835.53,1259.75,0,-2357.77,660,3064.75
03/05/2024 19:15,1491,2023,2500,0,-2497,2227,3028,2033.84,2835.53,1259.75,0,-2357.77,660,3064.75
03/05/2024 19:30,1491,2023,2500,0,-2497,2227,3028,2033.84,2835.53,1259.75,0,-2357.77,660,3064.75
03/05/2024 19:45,1491,2023,2500,0,-2497,2227,3028,2033.84,2835.53,1259.75,0,-2357.77,660,3064.75
03/05/2024 20:00,1499,1920,2500,0,-1486.6,2227,3028,2723.01,2805.34,1376.75,0,-1264.79,235.5,3066.5
03/05/2024 20:15,1499,1920,2500,0,-1486.6,2227,3028,2723.01,2805.34,1376.75,0,-1264.79,235.5,3066.5
03/05/2024 20:30,1499,1920,2500,0,-1486.6,2227,3028,2723.01,2805.34,1376.75,0,-1264.79,235.5,3066.5
03/05/2024 20:45,1499,1920,2500,0,-1486.6,2227,3028,2723.01,2805.34,1376.75,0,-1264.79,235.5,3066.5
03/05/2024 21:00,1853,1696,2414.7,0,0.7000000000000028,2127.3,3028,3093.61,2646.21,1371.75,0,-55.72,-55.5,3066
03/05/2024 21:15,1853,1696,2414.7,0,0.7000000000000028,2127.3,3028,3093.61,2646.21,1371.75,0,-55.72,-55.5,3066
03/05/2024 21:30,1853,1696,2414.7,0,0.7000000000000028,2127.3,3028,3093.61,2646.21,1371.75,0,-55.72,-55.5,3066
03/05/2024 21:45,1853,1696,2414.7,0,0.7000000000000028,2127.3,3028,3093.61,2646.21,1371.75,0,-55.72,-55.5,3066
03/05/2024 22:00,2128,1534,2500,0,-1826.9,2227,3028,3053.48,2442.42,1514.75,0,-1350.42,248.25,3065.25
03/05/2024 22:15,2128,1534,2500,0,-1826.9,2227,3028,3053.48,2442.42,1514.75,0,-1350.42,248.25,3065.25
03/05/2024 22:30,2128,1534,2500,0,-1826.9,2227,3028,3053.48,2442.42,1514.75,0,-1350.42,248.25,3065.25
03/05/2024 22:45,2128,1534,2500,0,-1826.9,2227,3028,3053.48,2442.42,1514.75,0,-1350.42,248.25,3065.25
03/05/2024 23:00,2248,1877,2500,0,-2477.7,2227,3028,3021.02,2372.34,1552,0,-2409.9,684.25,3066
03/05/2024 23:15,2248,1877,2500,0,-2477.7,2227,3028,3021.02,2372.34,1552,0,-2409.9,684.25,3066
03/05/2024 23:30,2248,1877,2500,0,-2477.7,2227,3028,3021.02,2372.34,1552,0,-2409.9,684.25,3066
03/05/2024 23:45,2248,1877,2500,0,-2477.7,2227,3028,3021.02,2372.34,1552,0,-2409.9,684.25,3066
04/05/2024 00:00,3279,2500,2500,0,-2300,2227,3028,3533.27,2477.81,1650.5,0,-2404.28,1142.75,3067.25
04/05/2024 00:15,3279,2500,2500,0,-2300,2227,3028,3533.27,2477.81,1650.5,0,-2404.28,1142.75,3067.25
04/05/2024 00:30,3279,2500,2500,0,-2300,2227,3028,3533.27,2477.81,1650.5,0,-2404.28,1142.75,3067.25
04/05/2024 00:45,3279,2500,2500,0,-2300,2227,3028,3533.27,2477.81,1650.5,0,-2404.28,1142.75,3067.25
04/05/2024 01:00,3557,3082,2500,0,-2300,2227,3028,3835.7,2688.68,1743.25,0,-2352.52,1624.5,3065
04/05/2024 01:15,3557,3082,2500,0,-2300,2227,3028,3835.7,2688.68,1743.25,0,-2352.52,1624.5,3065
04/05/2024 01:30,3557,3082,2500,0,-2300,2227,3028,3835.7,2688.68,1743.25,0,-2352.52,1624.5,3065
04/05/2024 01:45,3557,3082,2500,0,-2300,2227,3028,3835.7,2688.68,1743.25,0,-2352.52,1624.5,3065
04/05/2024 02:00,3446,2959,2500,0,-2300,2227,3028,3743.18,2525.13,1707.75,0,-2242.26,1790.25,3066
04/05/2024 02:15,3446,2959,2500,0,-2300,2227,3028,3743.18,2525.13,1707.75,0,-2242.26,1790.25,3066
04/05/2024 02:30,3446,2959,2500,0,-2300,2227,3028,3743.18,2525.13,1707.75,0,-2242.26,1790.25,3066
04/05/2024 02:45,3446,2959,2500,0,-2300,2227,3028,3743.18,2525.13,1707.75,0,-2242.26,1790.25,3066
04/05/2024 03:00,3566.95,2660,2500,0,-2300,2227,3028,4117.05,2537.82,1389.75,0,-2249.67,1599.75,3065.5
04/05/2024 03:15,3566.95,2660,2500,0,-2300,2227,3028,4117.05,2537.82,1389.75,0,-2249.67,1599.75,3065.5
04/05/2024 03:30,3566.95,2660,2500,0,-2300,2227,3028,4117.05,2537.82,1389.75,0,-2249.67,1599.75,3065.5
04/05/2024 03:45,3566.95,2660,2500,0,-2300,2227,3028,4117.05,2537.82,1389.75,0,-2249.67,1599.75,3065.5
04/05/2024 04:00,3539.75,2008,2500,0,-2300,2227,2891,3960.02,2340.29,1132.5,0,-2277.5,1369.25,2943.5
04/05/2024 04:15,3539.75,2008,2500,0,-2300,2227,2891,3960.02,2340.29,1132.5,0,-2277.5,1369.25,2943.5
04/05/2024 04:30,3539.75,2008,2500,0,-2300,2227,2891,3960.02,2340.29,1132.5,0,-2277.5,1369.25,2943.5
04/05/2024 04:45,3539.75,2008,2500,0,-2300,2227,2891,3960.02,2340.29,1132.5,0,-2277.5,1369.25,2943.5
04/05/2024 05:00,3784,2139,2462.4,0,-2300,2227,3028,4175.54,2498.73,1069,0,-2287.88,1370.75,3045
04/05/2024 05:15,3784,2139,2462.4,0,-2300,2227,3028,4175.54,2498.73,1069,0,-2287.88,1370.75,3045
04/05/2024 05:30,3784,2139,2462.4,0,-2300,2227,3028,4175.54,2498.73,1069,0,-2287.88,1370.75,3045
04/05/2024 05:45,3784,2139,2462.4,0,-2300,2227,3028,4175.54,2498.73,1069,0,-2287.88,1370.75,3045
04/05/2024 06:00,4042,1990,2500,0,-2300,2227,3003,4591.54,2518.43,1139,0,-2089.54,1276.25,3043
04/05/2024 06:15,4042,1990,2500,0,-2300,2227,3003,4591.54,2518.43,1139,0,-2089.54,1276.25,3043
04/05/2024 06:30,4042,1990,2500,0,-2300,2227,3003,4591.54,2518.43,1139,0,-2089.54,1276.25,3043
04/05/2024 06:45,4042,1990,2500,0,-2300,2227,3003,4591.54,2518.43,1139,0,-2089.54,1276.25,3043
04/05/2024 07:00,4008,1992,2500,0,-2400,2227,2978,4522.3,2247.67,1344.75,0,-2219.28,1066.75,3015.25
04/05/2024 07:15,4008,1992,2500,0,-2400,2227,2978,4522.3,2247.67,1344.75,0,-2219.28,1066.75,3015.25
04/05/2024 07:30,4008,1992,2500,0,-2400,2227,2978,4522.3,2247.67,1344.75,0,-2219.28,1066.75,3015.25
04/05/2024 07:45,4008,1992,2500,0,-2400,2227,2978,4522.3,2247.67,1344.75,0,-2219.28,1066.75,3015.25
04/05/2024 08:00,3441.6,2067.4,2447,0,-2400,1827,3028,3763.36,1729.11,1237.75,0,-2296.61,1176,3058
04/05/2024 08:15,3441.6,2067.4,2447,0,-2400,1827,3028,3763.36,1729.11,1237.75,0,-2296.61,1176,3058
04/05/2024 08:30,3441.6,2067.4,2447,0,-2400,1827,3028,3763.36,1729.11,1237.75,0,-2296.61,1176,3058
04/05/2024 08:45,3441.6,2067.4,2447,0,-2400,1827,3028,3763.36,1729.11,1237.75,0,-2296.61,1176,3058
04/05/2024 09:00,3613.6,2030.8,1734.8,0,-2400,2027,3028,3433.89,1612.81,1110,0,-2304.77,1504.75,3065.25
04/05/2024 09:15,3613.6,2030.8,1734.8,0,-2400,2027,3028,3433.89,1612.81,1110,0,-2304.77,1504.75,3065.25
04/05/2024 09:30,3613.6,2030.8,1734.8,0,-2400,2027,3028,3433.89,1612.81,1110,0,-2304.77,1504.75,3065.25
04/05/2024 09:45,3613.6,2030.8,1734.8,0,-2400,2027,3028,3433.89,1612.81,1110,0,-2304.77,1504.75,3065.25
04/05/2024 10:00,2393.2,2309.5,448.3,0,-2700,2040,3028,3039.62,1602.32,942,0,-2446.89,1568.25,3066.5
04/05/2024 10:15,2393.2,2309.5,448.3,0,-2700,2040,3028,3039.62,1602.32,942,0,-2446.89,1568.25,3066.5
04/05/2024 10:30,2393.2,2309.5,448.3,0,-2700,2040,3028,3039.62,1602.32,942,0,-2446.89,1568.25,3066.5
04/05/2024 10:45,2393.2,2309.5,448.3,0,-2700,2040,3028,3039.62,1602.32,942,0,-2446.89,1568.25,3066.5
04/05/2024 11:00,2633.85,1926,-278,0,-2700,2222.7,2781,2827.52,1523.02,704.75,0,-2525.35,1516.25,2845.5
04/05/2024 11:15,2633.85,1926,-278,0,-2700,2222.7,2781,2827.52,1523.02,704.75,0,-2525.35,1516.25,2845.5
04/05/2024 11:30,2633.85,1926,-278,0,-2700,2222.7,2781,2827.52,1523.02,704.75,0,-2525.35,1516.25,2845.5
04/05/2024 11:45,2633.85,1926,-278,0,-2700,2222.7,2781,2827.52,1523.02,704.75,0,-2525.35,1516.25,2845.5
04/05/2024 12:00,2238,963.3,-523,0,-2750,2180.4,2485,2333.92,1288.2,177.25,0,-2408.74,965.75,2551.75
04/05/2024 12:15,2238,963.3,-523,0,-2750,2180.4,2485,2333.92,1288.2,177.25,0,-2408.74,965.75,2551.75
04/05/2024 12:30,2238,963.3,-523,0,-2750,2180.4,2485,2333.92,1288.2,177.25,0,-2408.74,965.75,2551.75
04/05/2024 12:45,2238,963.3,-523,0,-2750,2180.4,2485,2333.92,1288.2,177.25,0,-2408.74,965.75,2551.75
04/05/2024 13:00,2255.9500000000003,1441.9,-466,0,-2800,1822.8,2602,2811.15,1375.94,-17.75,0,-2614.78,672.5,2614.25
04/05/2024 13:15,2255.9500000000003,1441.9,-466,0,-2800,1822.8,2602,2811.15,1375.94,-17.75,0,-2614.78,672.5,2614.25
04/05/2024 13:30,2255.9500000000003,1441.9,-466,0,-2800,1822.8,2602,2811.15,1375.94,-17.75,0,-2614.78,672.5,2614.25
04/05/2024 13:45,2255.9500000000003,1441.9,-466,0,-2800,1822.8,2602,2811.15,1375.94,-17.75,0,-2614.78,672.5,2614.25
04/05/2024 14:00,2621.2,1862.45,-294,0,-2566.8,1140.1,2363,3022.22,1024.08,68.25,0,-2494.88,607,2417.25
04/05/2024 14:15,2621.2,1862.45,-294,0,-2566.8,1140.1,2363,3022.22,1024.08,68.25,0,-2494.88,607,2417.25
04/05/2024 14:30,2621.2,1862.45,-294,0,-2566.8,1140.1,2363,3022.22,1024.08,68.25,0,-2494.88,607,2417.25
04/05/2024 14:45,2621.2,1862.45,-294,0,-2566.8,1140.1,2363,3022.22,1024.08,68.25,0,-2494.88,607,2417.25
04/05/2024 15:00,2860.55,1582.85,298.6,0,-2800,1913.2,2978,3319.63,1238.4,533.25,0,-2625.87,1120.25,2933.25
04/05/2024 15:15,2860.55,1582.85,298.6,0,-2800,1913.2,2978,3319.63,1238.4,533.25,0,-2625.87,1120.25,2933.25
04/05/2024 15:30,2860.55,1582.85,298.6,0,-2800,1913.2,2978,3319.63,1238.4,533.25,0,-2625.87,1120.25,2933.25
04/05/2024 15:45,2860.55,1582.85,298.6,0,-2800,1913.2,2978,3319.63,1238.4,533.25,0,-2625.87,1120.25,2933.25
04/05/2024 16:00,3692.8,1979,2253.4,0,-2960,2125.9,3027,4282.78,2184.66,988.75,0,-2790.12,1970.5,3059.25
04/05/2024 16:15,3692.8,1979,2253.4,0,-2960,2125.9,3027,4282.78,2184.66,988.75,0,-2790.12,1970.5,3059.25
04/05/2024 16:30,3692.8,1979,2253.4,0,-2960,2125.9,3027,4282.78,2184.66,988.75,0,-2790.12,1970.5,3059.25
04/05/2024 16:45,3692.8,1979,2253.4,0,-2960,2125.9,3027,4282.78,2184.66,988.75,0,-2790.12,1970.5,3059.25
04/05/2024 17:00,3535,1494,2442,0,-2960,2111,3028,3900.15,2422.1,1257,0,-2932.02,1479.5,3067
04/05/2024 17:15,3535,1494,2442,0,-2960,2111,3028,3900.15,2422.1,1257,0,-2932.02,1479.5,3067
04/05/2024 17:30,3535,1494,2442,0,-2960,2111,3028,3900.15,2422.1,1257,0,-2932.02,1479.5,3067
04/05/2024 17:45,3535,1494,2442,0,-2960,2111,3028,3900.15,2422.1,1257,0,-2932.02,1479.5,3067
04/05/2024 18:00,3873,135.99999999999997,2500,0,-2960,2227,3028,3920.6,2035.58,1289.5,0,-2890.85,193.75,3066.25
04/05/2024 18:15,3873,135.99999999999997,2500,0,-2960,2227,3028,3920.6,2035.58,1289.5,0,-2890.85,193.75,3066.25
04/05/2024 18:30,3873,135.99999999999997,2500,0,-2960,2227,3028,3920.6,2035.58,1289.5,0,-2890.85,193.75,3066.25
04/05/2024 18:45,3873,135.99999999999997,2500,0,-2960,2227,3028,3920.6,2035.58,1289.5,0,-2890.85,193.75,3066.25
04/05/2024 19:00,3615.5,363,2488.3,0,-2682,2203.7,3028,3956.63,2207.28,1357.25,0,-2714.5,-366.25,3066.5
04/05/2024 19:15,3615.5,363,2488.3,0,-2682,2203.7,3028,3956.63,2207.28,1357.25,0,-2714.5,-366.25,3066.5
04/05/2024 19:30,3615.5,363,2488.3,0,-2682,2203.7,3028,3956.63,2207.28,1357.25,0,-2714.5,-366.25,3066.5
04/05/2024 19:45,3615.5,363,2488.3,0,-2682,2203.7,3028,3956.63,2207.28,1357.25,0,-2714.5,-366.25,3066.5
04/05/2024 20:00,3294,411,2500,0,-2676.5,2227,3028,3525.77,2408.6,1466.75,0,-2482.94,-257.25,3067.25
04/05/2024 20:15,3294,411,2500,0,-2676.5,2227,3028,3525.77,2408.6,1466.75,0,-2482.94,-257.25,3067.25
04/05/2024 20:30,3294,411,2500,0,-2676.5,2227,3028,3525.77,2408.6,1466.75,0,-2482.94,-257.25,3067.25
04/05/2024 20:45,3294,411,2500,0,-2676.5,2227,3028,3525.77,2408.6,1466.75,0,-2482.94,-257.25,3067.25
04/05/2024 21:00,3957.4,445,2500,0,-1245.2,2227,3028,3936.5,2230.28,1621.75,0,-1624.8,-75.75,3066.25
04/05/2024 21:15,3957.4,445,2500,0,-1245.2,2227,3028,3936.5,2230.28,1621.75,0,-1624.8,-75.75,3066.25
04/05/2024 21:30,3957.4,445,2500,0,-1245.2,2227,3028,3936.5,2230.28,1621.75,0,-1624.8,-75.75,3066.25
04/05/2024 21:45,3957.4,445,2500,0,-1245.2,2227,3028,3936.5,2230.28,1621.75,0,-1624.8,-75.75,3066.25
04/05/2024 22:00,3832,1136,2500,0,-2166.3,2227,3027,3742.81,2283.58,1796.25,0,-1923.2,625.5,3063
04/05/2024 22:15,3832,1136,2500,0,-2166.3,2227,3027,3742.81,2283.58,1796.25,0,-1923.2,625.5,3063
04/05/2024 22:30,3832,1136,2500,0,-2166.3,2227,3027,3742.81,2283.58,1796.25,0,-1923.2,625.5,3063
04/05/2024 22:45,3832,1136,2500,0,-2166.3,2227,3027,3742.81,2283.58,1796.25,0,-1923.2,625.5,3063
04/05/2024 23:00,3761.7,2505.25,2442.5,0,-2682,2174.1,3026,3610.15,2453.12,1930,0,-2571.97,1452.5,3064
04/05/2024 23:15,3761.7,2505.25,2442.5,0,-2682,2174.1,3026,3610.15,2453.12,1930,0,-2571.97,1452.5,3064
04/05/2024 23:30,3761.7,2505.25,2442.5,0,-2682,2174.1,3026,3610.15,2453.12,1930,0,-2571.97,1452.5,3064
04/05/2024 23:45,3761.7,2505.25,2442.5,0,-2682,2174.1,3026,3610.15,2453.12,1930,0,-2571.97,1452.5,3064
05/05/2024 00:00,4011.7,3484.8,2362.9,0,-2800,2227,3028,4247.97,2640.23,1974.25,0,-2875.21,1848.25,3066.25
05/05/2024 00:15,4011.7,3484.8,2362.9,0,-2800,2227,3028,4247.97,2640.23,1974.25,0,-2875.21,1848.25,3066.25
05/05/2024 00:30,4011.7,3484.8,2362.9,0,-2800,2227,3028,4247.97,2640.23,1974.25,0,-2875.21,1848.25,3066.25
05/05/2024 00:45,4011.7,3484.8,2362.9,0,-2800,2227,3028,4247.97,2640.23,1974.25,0,-2875.21,1848.25,3066.25
05/05/2024 01:00,3995.4,3857.2,2377.6,0,-2800,1516.1,3028,3788.94,2483.89,1849,0,-2767.11,2159.75,3063.75
05/05/2024 01:15,3995.4,3857.2,2377.6,0,-2800,1516.1,3028,3788.94,2483.89,1849,0,-2767.11,2159.75,3063.75
05/05/2024 01:30,3995.4,3857.2,2377.6,0,-2800,1516.1,3028,3788.94,2483.89,1849,0,-2767.11,2159.75,3063.75
05/05/2024 01:45,3995.4,3857.2,2377.6,0,-2800,1516.1,3028,3788.94,2483.89,1849,0,-2767.11,2159.75,3063.75
05/05/2024 02:00,3815.8,3687.7,2500,0,-2800,1206.6,3028,3577.06,2383.37,1577.5,0,-2765.7,2236.75,3064.25
05/05/2024 02:15,3815.8,3687.7,2500,0,-2800,1206.6,3028,3577.06,2383.37,1577.5,0,-2765.7,2236.75,3064.25
05/05/2024 02:30,3815.8,3687.7,2500,0,-2800,1206.6,3028,3577.06,2383.37,1577.5,0,-2765.7,2236.75,3064.25
05/05/2024 02:45,3815.8,3687.7,2500,0,-2800,1206.6,3028,3577.06,2383.37,1577.5,0,-2765.7,2236.75,3064.25
05/05/2024 03:00,3727.6,3523.1,2500,0,-2800,1256.7,3027,3676.71,2470.49,1272,0,-2732.61,2135.5,3064.25
05/05/2024 03:15,3727.6,3523.1,2500,0,-2800,1256.7,3027,3676.71,2470.49,1272,0,-2732.61,2135.5,3064.25
05/05/2024 03:30,3727.6,3523.1,2500,0,-2800,1256.7,3027,3676.71,2470.49,1272,0,-2732.61,2135.5,3064.25
05/05/2024 03:45,3727.6,3523.1,2500,0,-2800,1256.7,3027,3676.71,2470.49,1272,0,-2732.61,2135.5,3064.25
05/05/2024 04:00,4005.9,3887.9,2500,0,-2800,197.29999999999995,3028,3821.67,2501.5,1272.5,0,-2797.17,2080.25,3065
05/05/2024 04:15,4005.9,3887.9,2500,0,-2800,197.29999999999995,3028,3821.67,2501.5,1272.5,0,-2797.17,2080.25,3065
05/05/2024 04:30,4005.9,3887.9,2500,0,-2800,197.29999999999995,3028,3821.67,2501.5,1272.5,0,-2797.17,2080.25,3065
05/05/2024 04:45,4005.9,3887.9,2500,0,-2800,197.29999999999995,3028,3821.67,2501.5,1272.5,0,-2797.17,2080.25,3065
05/05/2024 05:00,3938.7,3990.9,2500,0,-2800,346.70000000000005,3028,3541.59,2504.13,1253.5,0,-2714.17,2215,3064.75
05/05/2024 05:15,3938.7,3990.9,2500,0,-2800,346.70000000000005,3028,3541.59,2504.13,1253.5,0,-2714.17,2215,3064.75
05/05/2024 05:30,3938.7,3990.9,2500,0,-2800,346.70000000000005,3028,3541.59,2504.13,1253.5,0,-2714.17,2215,3064.75
05/05/2024 05:45,3938.7,3990.9,2500,0,-2800,346.70000000000005,3028,3541.59,2504.13,1253.5,0,-2714.17,2215,3064.75
05/05/2024 06:00,4174.4,3839.7,2488.7,0,-2800,258,2880,3671.69,2486.93,1239.25,0,-2658.39,2182.25,2933.5
05/05/2024 06:15,4174.4,3839.7,2488.7,0,-2800,258,2880,3671.69,2486.93,1239.25,0,-2658.39,2182.25,2933.5
05/05/2024 06:30,4174.4,3839.7,2488.7,0,-2800,258,2880,3671.69,2486.93,1239.25,0,-2658.39,2182.25,2933.5
05/05/2024 06:45,4174.4,3839.7,2488.7,0,-2800,258,2880,3671.69,2486.93,1239.25,0,-2658.39,2182.25,2933.5
05/05/2024 07:00,4056.4,3983.4,2475.3,0,-3000,57.5,2954,3631.77,2584.86,1087,0,-2853.44,2278,2978
05/05/2024 07:15,4056.4,3983.4,2475.3,0,-3000,57.5,2954,3631.77,2584.86,1087,0,-2853.44,2278,2978
05/05/2024 07:30,4056.4,3983.4,2475.3,0,-3000,57.5,2954,3631.77,2584.86,1087,0,-2853.44,2278,2978
05/05/2024 07:45,4056.4,3983.4,2475.3,0,-3000,57.5,2954,3631.77,2584.86,1087,0,-2853.44,2278,2978
05/05/2024 08:00,4122.9,4004.8,328.2,0,-3000,29.300000000000185,3028,3192.67,2148.3,762.25,0,-2800.41,1734.5,3055.25
05/05/2024 08:15,4122.9,4004.8,328.2,0,-3000,29.300000000000185,3028,3192.67,2148.3,762.25,0,-2800.41,1734.5,3055.25
05/05/2024 08:30,4122.9,4004.8,328.2,0,-3000,29.300000000000185,3028,3192.67,2148.3,762.25,0,-2800.41,1734.5,3055.25
05/05/2024 08:45,4122.9,4004.8,328.2,0,-3000,29.300000000000185,3028,3192.67,2148.3,762.25,0,-2800.41,1734.5,3055.25
05/05/2024 09:00,3326.4500000000003,3313.5,790,0,-3376,1122.4,3028,2733.53,2038.88,815.25,0,-3189.46,1742,3065.25
05/05/2024 09:15,3326.4500000000003,3313.5,790,0,-3376,1122.4,3028,2733.53,2038.88,815.25,0,-3189.46,1742,3065.25
05/05/2024 09:30,3326.4500000000003,3313.5,790,0,-3376,1122.4,3028,2733.53,2038.88,815.25,0,-3189.46,1742,3065.25
05/05/2024 09:45,3326.4500000000003,3313.5,790,0,-3376,1122.4,3028,2733.53,2038.88,815.25,0,-3189.46,1742,3065.25
05/05/2024 10:00,2507.4,2546.8,147,0,-3001.7,825.3,3027,1387.87,1384.85,407,0,-2799.18,1308.25,3066
05/05/2024 10:15,2507.4,2546.8,147,0,-3001.7,825.3,3027,1387.87,1384.85,407,0,-2799.18,1308.25,3066
05/05/2024 10:30,2507.4,2546.8,147,0,-3001.7,825.3,3027,1387.87,1384.85,407,0,-2799.18,1308.25,3066
05/05/2024 10:45,2507.4,2546.8,147,0,-3001.7,825.3,3027,1387.87,1384.85,407,0,-2799.18,1308.25,3066
05/05/2024 11:00,824.1000000000001,1016.2,-42,0,-1840.2,871.5,3027,16.32,675.53,197.75,0,-1962.39,861.5,3065.5
05/05/2024 11:15,824.1000000000001,1016.2,-42,0,-1840.2,871.5,3027,16.32,675.53,197.75,0,-1962.39,861.5,3065.5
05/05/2024 11:30,824.1000000000001,1016.2,-42,0,-1840.2,871.5,3027,16.32,675.53,197.75,0,-1962.39,861.5,3065.5
05/05/2024 11:45,824.1000000000001,1016.2,-42,0,-1840.2,871.5,3027,16.32,675.53,197.75,0,-1962.39,861.5,3065.5
05/05/2024 12:00,-467.5,-1038.7,0,0,-462,172.70000000000005,3028,-1317.73,-707.04,-370.75,0,-464.95,-131.5,3066.5
05/05/2024 12:15,-467.5,-1038.7,0,0,-462,172.70000000000005,3028,-1317.73,-707.04,-370.75,0,-464.95,-131.5,3066.5
05/05/2024 12:30,-467.5,-1038.7,0,0,-462,172.70000000000005,3028,-1317.73,-707.04,-370.75,0,-464.95,-131.5,3066.5
05/05/2024 12:45,-467.5,-1038.7,0,0,-462,172.70000000000005,3028,-1317.73,-707.04,-370.75,0,-464.95,-131.5,3066.5
05/05/2024 13:00,-878.3,-3381.4,0,0,796.8,-162.9,3028,-2240.62,-1619.96,-1051.25,0,642.67,-1140.5,3066.75
05/05/2024 13:15,-878.3,-3381.4,0,0,796.8,-162.9,3028,-2240.62,-1619.96,-1051.25,0,642.67,-1140.5,3066.75
05/05/2024 13:30,-878.3,-3381.4,0,0,796.8,-162.9,3028,-2240.62,-1619.96,-1051.25,0,642.67,-1140.5,3066.75
05/05/2024 13:45,-878.3,-3381.4,0,0,796.8,-162.9,3028,-2240.62,-1619.96,-1051.25,0,642.67,-1140.5,3066.75
05/05/2024 14:00,-750,-3320.5,0,0,3191,315.29999999999995,3027,-1984.35,-1743.13,-1234.5,0,2415.25,-1516.25,3066.5
05/05/2024 14:15,-750,-3320.5,0,0,3191,315.29999999999995,3027,-1984.35,-1743.13,-1234.5,0,2415.25,-1516.25,3066.5
05/05/2024 14:30,-750,-3320.5,0,0,3191,315.29999999999995,3027,-1984.35,-1743.13,-1234.5,0,2415.25,-1516.25,3066.5
05/05/2024 14:45,-750,-3320.5,0,0,3191,315.29999999999995,3027,-1984.35,-1743.13,-1234.5,0,2415.25,-1516.25,3066.5
05/05/2024 15:00,-63.05,-1463,0,0,1754.8,-280,3028,-915.21,-996.9,-906.25,0,2024.82,-930.25,3067.5
05/05/2024 15:15,-63.05,-1463,0,0,1754.8,-280,3028,-915.21,-996.9,-906.25,0,2024.82,-930.25,3067.5
05/05/2024 15:30,-63.05,-1463,0,0,1754.8,-280,3028,-915.21,-996.9,-906.25,0,2024.82,-930.25,3067.5
05/05/2024 15:45,-63.05,-1463,0,0,1754.8,-280,3028,-915.21,-996.9,-906.25,0,2024.82,-930.25,3067.5
05/05/2024 16:00,2273.2,1819.8,877,0,-2930.9,1254.85,3028,2050.33,1245.81,205.75,0,-1452.09,969.25,3065.75
05/05/2024 16:15,2273.2,1819.8,877,0,-2930.9,1254.85,3028,2050.33,1245.81,205.75,0,-1452.09,969.25,3065.75
05/05/2024 16:30,2273.2,1819.8,877,0,-2930.9,1254.85,3028,2050.33,1245.81,205.75,0,-1452.09,969.25,3065.75
05/05/2024 16:45,2273.2,1819.8,877,0,-2930.9,1254.85,3028,2050.33,1245.81,205.75,0,-1452.09,969.25,3065.75
05/05/2024 17:00,4082.3,3961.4,2224.2,0,-3469,1484.4,3028,3520.83,2636.01,1214.5,0,-3065.62,2517,3065.25
05/05/2024 17:15,4082.3,3961.4,2224.2,0,-3469,1484.4,3028,3520.83,2636.01,1214.5,0,-3065.62,2517,3065.25
05/05/2024 17:30,4082.3,3961.4,2224.2,0,-3469,1484.4,3028,3520.83,2636.01,1214.5,0,-3065.62,2517,3065.25
05/05/2024 17:45,4082.3,3961.4,2224.2,0,-3469,1484.4,3028,3520.83,2636.01,1214.5,0,-3065.62,2517,3065.25
05/05/2024 18:00,3923.5,2873.8,2428.9,0,-3469,1827,3028,3583.89,2727.94,1485.75,0,-3363.15,2125.25,3065
05/05/2024 18:15,3923.5,2873.8,2428.9,0,-3469,1827,3028,3583.89,2727.94,1485.75,0,-3363.15,2125.25,3065
05/05/2024 18:30,3923.5,2873.8,2428.9,0,-3469,1827,3028,3583.89,2727.94,1485.75,0,-3363.15,2125.25,3065
05/05/2024 18:45,3923.5,2873.8,2428.9,0,-3469,1827,3028,3583.89,2727.94,1485.75,0,-3363.15,2125.25,3065
05/05/2024 19:00,3647.6,1677.5,2260.6,0,-3099,2043,3028,2928.62,2217.33,1598.75,0,-3165.01,975.25,3066.5
05/05/2024 19:15,3647.6,1677.5,2260.6,0,-3099,2043,3028,2928.62,2217.33,1598.75,0,-3165.01,975.25,3066.5
05/05/2024 19:30,3647.6,1677.5,2260.6,0,-3099,2043,3028,2928.62,2217.33,1598.75,0,-3165.01,975.25,3066.5
05/05/2024 19:45,3647.6,1677.5,2260.6,0,-3099,2043,3028,2928.62,2217.33,1598.75,0,-3165.01,975.25,3066.5
05/05/2024 20:00,3360.7,1029.7,2458.4,0,-3099,1827,3028,2796.41,2172.9,1654.75,0,-2846.03,432.75,3066.25
05/05/2024 20:15,3360.7,1029.7,2458.4,0,-3099,1827,3028,2796.41,2172.9,1654.75,0,-2846.03,432.75,3066.25
05/05/2024 20:30,3360.7,1029.7,2458.4,0,-3099,1827,3028,2796.41,2172.9,1654.75,0,-2846.03,432.75,3066.25
05/05/2024 20:45,3360.7,1029.7,2458.4,0,-3099,1827,3028,2796.41,2172.9,1654.75,0,-2846.03,432.75,3066.25
05/05/2024 21:00,3631.5,1596.2,2500,0,-3021.7,1817,3028,3129.83,2339.88,1838.25,0,-2971.46,786.25,3067.25
05/05/2024 21:15,3631.5,1596.2,2500,0,-3021.7,1817,3028,3129.83,2339.88,1838.25,0,-2971.46,786.25,3067.25
05/05/2024 21:30,3631.5,1596.2,2500,0,-3021.7,1817,3028,3129.83,2339.88,1838.25,0,-2971.46,786.25,3067.25
05/05/2024 21:45,3631.5,1596.2,2500,0,-3021.7,1817,3028,3129.83,2339.88,1838.25,0,-2971.46,786.25,3067.25
05/05/2024 22:00,3384.1,1706.9,2500,0,-3003.8,727,3028,2860.62,2261.18,1915.25,0,-3125.4,946.75,3065.25
05/05/2024 22:15,3384.1,1706.9,2500,0,-3003.8,727,3028,2860.62,2261.18,1915.25,0,-3125.4,946.75,3065.25
05/05/2024 22:30,3384.1,1706.9,2500,0,-3003.8,727,3028,2860.62,2261.18,1915.25,0,-3125.4,946.75,3065.25
05/05/2024 22:45,3384.1,1706.9,2500,0,-3003.8,727,3028,2860.62,2261.18,1915.25,0,-3125.4,946.75,3065.25
05/05/2024 23:00,4076.8,3364.6,2369.6,0,-3099,294.70000000000005,2993,3090.6,2474.44,2041.5,0,-2827.95,1433.5,3035
05/05/2024 23:15,4076.8,3364.6,2369.6,0,-3099,294.70000000000005,2993,3090.6,2474.44,2041.5,0,-2827.95,1433.5,3035
05/05/2024 23:30,4076.8,3364.6,2369.6,0,-3099,294.70000000000005,2993,3090.6,2474.44,2041.5,0,-2827.95,1433.5,3035
05/05/2024 23:45,4076.8,3364.6,2369.6,0,-3099,294.70000000000005,2993,3090.6,2474.44,2041.5,0,-2827.95,1433.5,3035
06/05/2024 00:00,3742.1,4140,2091.7,0,-3000,1569.9,3028,3135.5,2909.4,2068.25,0,-2860.04,2363.5,3061.25
06/05/2024 00:15,3742.1,4140,2091.7,0,-3000,1569.9,3028,3135.5,2909.4,2068.25,0,-2860.04,2363.5,3061.25
06/05/2024 00:30,3742.1,4140,2091.7,0,-3000,1569.9,3028,3135.5,2909.4,2068.25,0,-2860.04,2363.5,3061.25
06/05/2024 00:45,3742.1,4140,2091.7,0,-3000,1569.9,3028,3135.5,2909.4,2068.25,0,-2860.04,2363.5,3061.25
06/05/2024 01:00,3676.8,3420.85,2325,0,-2220.7,1827,3028,3114.93,2795.48,1931.5,0,-2315.86,2703.25,3066.75
06/05/2024 01:15,3676.8,3420.85,2325,0,-2220.7,1827,3028,3114.93,2795.48,1931.5,0,-2315.86,2703.25,3066.75
06/05/2024 01:30,3676.8,3420.85,2325,0,-2220.7,1827,3028,3114.93,2795.48,1931.5,0,-2315.86,2703.25,3066.75
06/05/2024 01:45,3676.8,3420.85,2325,0,-2220.7,1827,3028,3114.93,2795.48,1931.5,0,-2315.86,2703.25,3066.75
06/05/2024 02:00,3749.4,4252,2200,0,-1797.9,2227,3028,3652.87,2844.26,1903.25,0,-1920.55,2786.75,3066.75
06/05/2024 02:15,3749.4,4252,2200,0,-1797.9,2227,3028,3652.87,2844.26,1903.25,0,-1920.55,2786.75,3066.75
06/05/2024 02:30,3749.4,4252,2200,0,-1797.9,2227,3028,3652.87,2844.26,1903.25,0,-1920.55,2786.75,3066.75
06/05/2024 02:45,3749.4,4252,2200,0,-1797.9,2227,3028,3652.87,2844.26,1903.25,0,-1920.55,2786.75,3066.75
06/05/2024 03:00,3569.7,4195,2500,0,-1583.2,2227,3028,3857.68,2854.86,1927.75,0,-1694.27,2889.75,3067.25
06/05/2024 03:15,3569.7,4195,2500,0,-1583.2,2227,3028,3857.68,2854.86,1927.75,0,-1694.27,2889.75,3067.25
06/05/2024 03:30,3569.7,4195,2500,0,-1583.2,2227,3028,3857.68,2854.86,1927.75,0,-1694.27,2889.75,3067.25
06/05/2024 03:45,3569.7,4195,2500,0,-1583.2,2227,3028,3857.68,2854.86,1927.75,0,-1694.27,2889.75,3067.25
06/05/2024 04:00,3729.2,3728.85,2500,0,-505.3,2227,3028,3725.45,2706.69,1796.25,0,-816.82,2792.25,3065.75
06/05/2024 04:15,3729.2,3728.85,2500,0,-505.3,2227,3028,3725.45,2706.69,1796.25,0,-816.82,2792.25,3065.75
06/05/2024 04:30,3729.2,3728.85,2500,0,-505.3,2227,3028,3725.45,2706.69,1796.25,0,-816.82,2792.25,3065.75
06/05/2024 04:45,3729.2,3728.85,2500,0,-505.3,2227,3028,3725.45,2706.69,1796.25,0,-816.82,2792.25,3065.75
06/05/2024 05:00,3593,2256,2500,0,-508,2227,3028,3636.13,2420.27,1503.75,0,-305.75,2151,3065.5
06/05/2024 05:15,3593,2256,2500,0,-508,2227,3028,3636.13,2420.27,1503.75,0,-305.75,2151,3065.5
06/05/2024 05:30,3593,2256,2500,0,-508,2227,3028,3636.13,2420.27,1503.75,0,-305.75,2151,3065.5
06/05/2024 05:45,3593,2256,2500,0,-508,2227,3028,3636.13,2420.27,1503.75,0,-305.75,2151,3065.5
06/05/2024 06:00,2504.35,1024,2500,0,458.1,2227,3028,2710.56,2421.56,1277.75,0,435.67,913,3066.25
06/05/2024 06:15,2504.35,1024,2500,0,458.1,2227,3028,2710.56,2421.56,1277.75,0,435.67,913,3066.25
06/05/2024 06:30,2504.35,1024,2500,0,458.1,2227,3028,2710.56,2421.56,1277.75,0,435.67,913,3066.25
06/05/2024 06:45,2504.35,1024,2500,0,458.1,2227,3028,2710.56,2421.56,1277.75,0,435.67,913,3066.25
06/05/2024 07:00,2501.85,1255,2500,0,-669.1,2227,3028,2521.27,2449.8,1503.5,0,-236.89,667.75,3066
06/05/2024 07:15,2501.85,1255,2500,0,-669.1,2227,3028,2521.27,2449.8,1503.5,0,-236.89,667.75,3066
06/05/2024 07:30,2501.85,1255,2500,0,-669.1,2227,3028,2521.27,2449.8,1503.5,0,-236.89,667.75,3066
06/05/2024 07:45,2501.85,1255,2500,0,-669.1,2227,3028,2521.27,2449.8,1503.5,0,-236.89,667.75,3066
06/05/2024 08:00,2956.9,1565.8,2500,0,-1355,2074.8,3026,3003.03,2386.22,1560.25,0,-1159.4,835.5,3062.5
06/05/2024 08:15,2956.9,1565.8,2500,0,-1355,2074.8,3026,3003.03,2386.22,1560.25,0,-1159.4,835.5,3062.5
06/05/2024 08:30,2956.9,1565.8,2500,0,-1355,2074.8,3026,3003.03,2386.22,1560.25,0,-1159.4,835.5,3062.5
06/05/2024 08:45,2956.9,1565.8,2500,0,-1355,2074.8,3026,3003.03,2386.22,1560.25,0,-1159.4,835.5,3062.5
06/05/2024 09:00,2885.5,2836.6,2500,0,-1930.6,2220.35,2978,2671.69,2473.91,1771.5,0,-1549.87,1754,3017.75
06/05/2024 09:15,2885.5,2836.6,2500,0,-1930.6,2220.35,2978,2671.69,2473.91,1771.5,0,-1549.87,1754,3017.75
06/05/2024 09:30,2885.5,2836.6,2500,0,-1930.6,2220.35,2978,2671.69,2473.91,1771.5,0,-1549.87,1754,3017.75
06/05/2024 09:45,2885.5,2836.6,2500,0,-1930.6,2220.35,2978,2671.69,2473.91,1771.5,0,-1549.87,1754,3017.75
06/05/2024 10:00,2673.1000000000004,3501,2500,0,-2285.4,2227,3028,2459.9,2637.71,1838.75,0,-1932.32,2747.75,3063.75
06/05/2024 10:15,2673.1000000000004,3501,2500,0,-2285.4,2227,3028,2459.9,2637.71,1838.75,0,-1932.32,2747.75,3063.75
06/05/2024 10:30,2673.1000000000004,3501,2500,0,-2285.4,2227,3028,2459.9,2637.71,1838.75,0,-1932.32,2747.75,3063.75
06/05/2024 10:45,2673.1000000000004,3501,2500,0,-2285.4,2227,3028,2459.9,2637.71,1838.75,0,-1932.32,2747.75,3063.75
06/05/2024 11:00,2964.7000000000003,4114,2500,0,-2633.6,2177,3028,2629.09,3051.61,1946.5,0,-2395.59,3071.5,3063.25
06/05/2024 11:15,2964.7000000000003,4114,2500,0,-2633.6,2177,3028,2629.09,3051.61,1946.5,0,-2395.59,3071.5,3063.25
06/05/2024 11:30,2964.7000000000003,4114,2500,0,-2633.6,2177,3028,2629.09,3051.61,1946.5,0,-2395.59,3071.5,3063.25
06/05/2024 11:45,2964.7000000000003,4114,2500,0,-2633.6,2177,3028,2629.09,3051.61,1946.5,0,-2395.59,3071.5,3063.25
06/05/2024 12:00,2939.9,3772,2500,0,-2331.2,2227,3028,2721.21,2858.57,1767.75,0,-2130.76,2945.75,3064.5
06/05/2024 12:15,2939.9,3772,2500,0,-2331.2,2227,3028,2721.21,2858.57,1767.75,0,-2130.76,2945.75,3064.5
06/05/2024 12:30,2939.9,3772,2500,0,-2331.2,2227,3028,2721.21,2858.57,1767.75,0,-2130.76,2945.75,3064.5
06/05/2024 12:45,2939.9,3772,2500,0,-2331.2,2227,3028,2721.21,2858.57,1767.75,0,-2130.76,2945.75,3064.5
06/05/2024 13:00,2995.1,3820,2500,0,-2338.4,2227,3028,2666.98,3038.47,1848.75,0,-2234.24,3176,3064.75
06/05/2024 13:15,2995.1,3820,2500,0,-2338.4,2227,3028,2666.98,3038.47,1848.75,0,-2234.24,3176,3064.75
06/05/2024 13:30,2995.1,3820,2500,0,-2338.4,2227,3028,2666.98,3038.47,1848.75,0,-2234.24,3176,3064.75
06/05/2024 13:45,2995.1,3820,2500,0,-2338.4,2227,3028,2666.98,3038.47,1848.75,0,-2234.24,3176,3064.75
06/05/2024 14:00,3129.6,4617,2480.9,0,-2262.3,1897,3028,2948.58,3288,1853,0,-2125.88,3202.5,3065.75
06/05/2024 14:15,3129.6,4617,2480.9,0,-2262.3,1897,3028,2948.58,3288,1853,0,-2125.88,3202.5,3065.75
06/05/2024 14:30,3129.6,4617,2480.9,0,-2262.3,1897,3028,2948.58,3288,1853,0,-2125.88,3202.5,3065.75
06/05/2024 14:45,3129.6,4617,2480.9,0,-2262.3,1897,3028,2948.58,3288,1853,0,-2125.88,3202.5,3065.75
06/05/2024 15:00,3484.7,4540,2500,0,-2981.7,1897,3028,3034.23,3323.17,1929.25,0,-2684.3,3464,3065.25
06/05/2024 15:15,3484.7,4540,2500,0,-2981.7,1897,3028,3034.23,3323.17,1929.25,0,-2684.3,3464,3065.25
06/05/2024 15:30,3484.7,4540,2500,0,-2981.7,1897,3028,3034.23,3323.17,1929.25,0,-2684.3,3464,3065.25
06/05/2024 15:45,3484.7,4540,2500,0,-2981.7,1897,3028,3034.23,3323.17,1929.25,0,-2684.3,3464,3065.25
06/05/2024 16:00,3494.7,3621,2500,0,-3222.5,1897,3028,3522.75,3042.71,1771.75,0,-2900.21,2829.75,3064.5
06/05/2024 16:15,3494.7,3621,2500,0,-3222.5,1897,3028,3522.75,3042.71,1771.75,0,-2900.21,2829.75,3064.5
06/05/2024 16:30,3494.7,3621,2500,0,-3222.5,1897,3028,3522.75,3042.71,1771.75,0,-2900.21,2829.75,3064.5
06/05/2024 16:45,3494.7,3621,2500,0,-3222.5,1897,3028,3522.75,3042.71,1771.75,0,-2900.21,2829.75,3064.5
06/05/2024 17:00,3233.4500000000003,2820,2500,0,-3187.1,1897,3028,3308,2667.5,1643,0,-3159.57,1951.5,3066.75
06/05/2024 17:15,3233.4500000000003,2820,2500,0,-3187.1,1897,3028,3308,2667.5,1643,0,-3159.57,1951.5,3066.75
06/05/2024 17:30,3233.4500000000003,2820,2500,0,-3187.1,1897,3028,3308,2667.5,1643,0,-3159.57,1951.5,3066.75
06/05/2024 17:45,3233.4500000000003,2820,2500,0,-3187.1,1897,3028,3308,2667.5,1643,0,-3159.57,1951.5,3066.75
06/05/2024 18:00,3097.35,2558,2500,0,-3156.5,2227,3028,3286.66,2655.82,1842.5,0,-3114.01,1427.75,3064.75
06/05/2024 18:15,3097.35,2558,2500,0,-3156.5,2227,3028,3286.66,2655.82,1842.5,0,-3114.01,1427.75,3064.75
06/05/2024 18:30,3097.35,2558,2500,0,-3156.5,2227,3028,3286.66,2655.82,1842.5,0,-3114.01,1427.75,3064.75
06/05/2024 18:45,3097.35,2558,2500,0,-3156.5,2227,3028,3286.66,2655.82,1842.5,0,-3114.01,1427.75,3064.75
06/05/2024 19:00,2773.7,1462,2500,0,-2674.9,2227,3028,2911.48,2554.32,1812.5,0,-2581.89,932.5,3066.5
06/05/2024 19:15,2773.7,1462,2500,0,-2674.9,2227,3028,2911.48,2554.32,1812.5,0,-2581.89,932.5,3066.5
06/05/2024 19:30,2773.7,1462,2500,0,-2674.9,2227,3028,2911.48,2554.32,1812.5,0,-2581.89,932.5,3066.5
06/05/2024 19:45,2773.7,1462,2500,0,-2674.9,2227,3028,2911.48,2554.32,1812.5,0,-2581.89,932.5,3066.5
06/05/2024 20:00,3058.4,1319,2500,0,-1518.3,2227,3028,2958.29,2903.96,1910.25,0,-1084.19,848.25,3065.5
06/05/2024 20:15,3058.4,1319,2500,0,-1518.3,2227,3028,2958.29,2903.96,1910.25,0,-1084.19,848.25,3065.5
06/05/2024 20:30,3058.4,1319,2500,0,-1518.3,2227,3028,2958.29,2903.96,1910.25,0,-1084.19,848.25,3065.5
06/05/2024 20:45,3058.4,1319,2500,0,-1518.3,2227,3028,2958.29,2903.96,1910.25,0,-1084.19,848.25,3065.5
06/05/2024 21:00,2919.2,2438.7,2432.9,0,-816.4,2227,3028,3165.31,2995.2,2007.5,0,-612.39,1073.75,3065.75
06/05/2024 21:15,2919.2,2438.7,2432.9,0,-816.4,2227,3028,3165.31,2995.2,2007.5,0,-612.39,1073.75,3065.75
06/05/2024 21:30,2919.2,2438.7,2432.9,0,-816.4,2227,3028,3165.31,2995.2,2007.5,0,-612.39,1073.75,3065.75
06/05/2024 21:45,2919.2,2438.7,2432.9,0,-816.4,2227,3028,3165.31,2995.2,2007.5,0,-612.39,1073.75,3065.75
06/05/2024 22:00,3531.9500000000003,2586.85,2493.6,0,-1831,2224,3028,3405.49,2837.2,2012.25,0,-1549.13,1637.5,3065.25
06/05/2024 22:15,3531.9500000000003,2586.85,2493.6,0,-1831,2224,3028,3405.49,2837.2,2012.25,0,-1549.13,1637.5,3065.25
06/05/2024 22:30,3531.9500000000003,2586.85,2493.6,0,-1831,2224,3028,3405.49,2837.2,2012.25,0,-1549.13,1637.5,3065.25
06/05/2024 22:45,3531.9500000000003,2586.85,2493.6,0,-1831,2224,3028,3405.49,2837.2,2012.25,0,-1549.13,1637.5,3065.25
06/05/2024 23:00,3301.8,3449.9,2500,0,-1428.5,2227,3028,2989.82,2783.62,1910.5,0,-1593.32,2296.5,3063
06/05/2024 23:15,3301.8,3449.9,2500,0,-1428.5,2227,3028,2989.82,2783.62,1910.5,0,-1593.32,2296.5,3063
06/05/2024 23:30,3301.8,3449.9,2500,0,-1428.5,2227,3028,2989.82,2783.62,1910.5,0,-1593.32,2296.5,3063
06/05/2024 23:45,3301.8,3449.9,2500,0,-1428.5,2227,3028,2989.82,2783.62,1910.5,0,-1593.32,2296.5,3063
07/05/2024 00:00,3410.1,4230.5,2500,0,-279,2179,2707,3233.61,2884.56,1869.75,0,-568.23,2636.75,2778.75
07/05/2024 00:15,3410.1,4230.5,2500,0,-279,2179,2707,3233.61,2884.56,1869.75,0,-568.23,2636.75,2778.75
07/05/2024 00:30,3410.1,4230.5,2500,0,-279,2179,2707,3233.61,2884.56,1869.75,0,-568.23,2636.75,2778.75
07/05/2024 00:45,3410.1,4230.5,2500,0,-279,2179,2707,3233.61,2884.56,1869.75,0,-568.23,2636.75,2778.75
07/05/2024 01:00,3564.55,5018.25,2500,0,-871.5,2027,2938,3445.14,3077.37,1803.25,0,-872.25,2886.75,2941.25
07/05/2024 01:15,3564.55,5018.25,2500,0,-871.5,2027,2938,3445.14,3077.37,1803.25,0,-872.25,2886.75,2941.25
07/05/2024 01:30,3564.55,5018.25,2500,0,-871.5,2027,2938,3445.14,3077.37,1803.25,0,-872.25,2886.75,2941.25
07/05/2024 01:45,3564.55,5018.25,2500,0,-871.5,2027,2938,3445.14,3077.37,1803.25,0,-872.25,2886.75,2941.25
07/05/2024 02:00,3953.1,5113.9,2495.9,0,-594,1624.9,2928,3768.27,3216.03,1626.25,0,-833.73,2977.25,2963.75
07/05/2024 02:15,3953.1,5113.9,2495.9,0,-594,1624.9,2928,3768.27,3216.03,1626.25,0,-833.73,2977.25,2963.75
07/05/2024 02:30,3953.1,5113.9,2495.9,0,-594,1624.9,2928,3768.27,3216.03,1626.25,0,-833.73,2977.25,2963.75
07/05/2024 02:45,3953.1,5113.9,2495.9,0,-594,1624.9,2928,3768.27,3216.03,1626.25,0,-833.73,2977.25,2963.75
07/05/2024 03:00,3698,5200.9,2500,0,-52.6,1827,3028,3786.38,3224.86,1599,0,-268.54,3085.5,3050.5
07/05/2024 03:15,3698,5200.9,2500,0,-52.6,1827,3028,3786.38,3224.86,1599,0,-268.54,3085.5,3050.5
07/05/2024 03:30,3698,5200.9,2500,0,-52.6,1827,3028,3786.38,3224.86,1599,0,-268.54,3085.5,3050.5
07/05/2024 03:45,3698,5200.9,2500,0,-52.6,1827,3028,3786.38,3224.86,1599,0,-268.54,3085.5,3050.5
07/05/2024 04:00,3658.4,5221.3,2500,0,-2.2,1627,3028,3594.97,3295.53,1653,0,119.71,3137.25,3064.25
07/05/2024 04:15,3658.4,5221.3,2500,0,-2.2,1627,3028,3594.97,3295.53,1653,0,119.71,3137.25,3064.25
07/05/2024 04:30,3658.4,5221.3,2500,0,-2.2,1627,3028,3594.97,3295.53,1653,0,119.71,3137.25,3064.25
07/05/2024 04:45,3658.4,5221.3,2500,0,-2.2,1627,3028,3594.97,3295.53,1653,0,119.71,3137.25,3064.25
07/05/2024 05:00,3631,4961,2488.1,0,-890.3,1827,3028,3386.3,3316.49,1755,0,-448.67,2903.25,3064.75
07/05/2024 05:15,3631,4961,2488.1,0,-890.3,1827,3028,3386.3,3316.49,1755,0,-448.67,2903.25,3064.75
07/05/2024 05:30,3631,4961,2488.1,0,-890.3,1827,3028,3386.3,3316.49,1755,0,-448.67,2903.25,3064.75
07/05/2024 05:45,3631,4961,2488.1,0,-890.3,1827,3028,3386.3,3316.49,1755,0,-448.67,2903.25,3064.75
07/05/2024 06:00,2673.8,3319.5,2500,0,-1234.6,2227,3028,2693.67,2975.81,1586.25,0,-1125.15,2364,3062.75
07/05/2024 06:15,2673.8,3319.5,2500,0,-1234.6,2227,3028,2693.67,2975.81,1586.25,0,-1125.15,2364,3062.75
07/05/2024 06:30,2673.8,3319.5,2500,0,-1234.6,2227,3028,2693.67,2975.81,1586.25,0,-1125.15,2364,3062.75
07/05/2024 06:45,2673.8,3319.5,2500,0,-1234.6,2227,3028,2693.67,2975.81,1586.25,0,-1125.15,2364,3062.75
07/05/2024 07:00,2481.6,1506.85,2500,0,-2045.3,2227,2956,2522.11,2484.32,1383,0,-1760.12,1234.5,2992.25
07/05/2024 07:15,2481.6,1506.85,2500,0,-2045.3,2227,2956,2522.11,2484.32,1383,0,-1760.12,1234.5,2992.25
07/05/2024 07:30,2481.6,1506.85,2500,0,-2045.3,2227,2956,2522.11,2484.32,1383,0,-1760.12,1234.5,2992.25
07/05/2024 07:45,2481.6,1506.85,2500,0,-2045.3,2227,2956,2522.11,2484.32,1383,0,-1760.12,1234.5,2992.25
07/05/2024 08:00,1807.4500000000005,2547,2500,0,-2050,1844.5,2504,2633.25,2634.98,1568.25,0,-2240.87,838.5,2590.75
07/05/2024 08:15,1807.4500000000005,2547,2500,0,-2050,1844.5,2504,2633.25,2634.98,1568.25,0,-2240.87,838.5,2590.75
07/05/2024 08:30,1807.4500000000005,2547,2500,0,-2050,1844.5,2504,2633.25,2634.98,1568.25,0,-2240.87,838.5,2590.75
07/05/2024 08:45,1807.4500000000005,2547,2500,0,-2050,1844.5,2504,2633.25,2634.98,1568.25,0,-2240.87,838.5,2590.75
07/05/2024 09:00,2615.15,2655.95,2500,0,-2050,2068.5,3028,2876.34,2545.43,1683,0,-2223.95,1559.75,3004.5
07/05/2024 09:15,2615.15,2655.95,2500,0,-2050,2068.5,3028,2876.34,2545.43,1683,0,-2223.95,1559.75,3004.5
07/05/2024 09:30,2615.15,2655.95,2500,0,-2050,2068.5,3028,2876.34,2545.43,1683,0,-2223.95,1559.75,3004.5
07/05/2024 09:45,2615.15,2655.95,2500,0,-2050,2068.5,3028,2876.34,2545.43,1683,0,-2223.95,1559.75,3004.5
07/05/2024 10:00,3630.05,2439.3,2500,0,-2050,1824.45,3028,2889.81,2443.41,1753.5,0,-1931.02,2156.75,3064.5
07/05/2024 10:15,3630.05,2439.3,2500,0,-2050,1824.45,3028,2889.81,2443.41,1753.5,0,-1931.02,2156.75,3064.5
07/05/2024 10:30,3630.05,2439.3,2500,0,-2050,1824.45,3028,2889.81,2443.41,1753.5,0,-1931.02,2156.75,3064.5
07/05/2024 10:45,3630.05,2439.3,2500,0,-2050,1824.45,3028,2889.81,2443.41,1753.5,0,-1931.02,2156.75,3064.5
07/05/2024 11:00,2200.35,3227.4,2500,0,-2050,2227,3028,2261.64,2790.98,1848.25,0,-1933.84,2383.25,3065.5
07/05/2024 11:15,2200.35,3227.4,2500,0,-2050,2227,3028,2261.64,2790.98,1848.25,0,-1933.84,2383.25,3065.5
07/05/2024 11:30,2200.35,3227.4,2500,0,-2050,2227,3028,2261.64,2790.98,1848.25,0,-1933.84,2383.25,3065.5
07/05/2024 11:45,2200.35,3227.4,2500,0,-2050,2227,3028,2261.64,2790.98,1848.25,0,-1933.84,2383.25,3065.5
07/05/2024 12:00,2110.2,4231.9,2500,0,-2050,1227,3028,1792.54,2877.14,1844.75,0,-1850.99,2685.5,3064.75
07/05/2024 12:15,2110.2,4231.9,2500,0,-2050,1227,3028,1792.54,2877.14,1844.75,0,-1850.99,2685.5,3064.75
07/05/2024 12:30,2110.2,4231.9,2500,0,-2050,1227,3028,1792.54,2877.14,1844.75,0,-1850.99,2685.5,3064.75
07/05/2024 12:45,2110.2,4231.9,2500,0,-2050,1227,3028,1792.54,2877.14,1844.75,0,-1850.99,2685.5,3064.75
07/05/2024 13:00,1548.0000000000002,4477,2500,0,-2050,1227,3028,1183.89,2900.38,1790.25,0,-1894.4,3030.25,3066.25
07/05/2024 13:15,1548.0000000000002,4477,2500,0,-2050,1227,3028,1183.89,2900.38,1790.25,0,-1894.4,3030.25,3066.25
07/05/2024 13:30,1548.0000000000002,4477,2500,0,-2050,1227,3028,1183.89,2900.38,1790.25,0,-1894.4,3030.25,3066.25
07/05/2024 13:45,1548.0000000000002,4477,2500,0,-2050,1227,3028,1183.89,2900.38,1790.25,0,-1894.4,3030.25,3066.25
07/05/2024 14:00,1443.5,4832,2500,0,-2050,1227,3028,1064.51,3092.81,1812.75,0,-1997.42,3246.5,3065.75
07/05/2024 14:15,1443.5,4832,2500,0,-2050,1227,3028,1064.51,3092.81,1812.75,0,-1997.42,3246.5,3065.75
07/05/2024 14:30,1443.5,4832,2500,0,-2050,1227,3028,1064.51,3092.81,1812.75,0,-1997.42,3246.5,3065.75
07/05/2024 14:45,1443.5,4832,2500,0,-2050,1227,3028,1064.51,3092.81,1812.75,0,-1997.42,3246.5,3065.75
07/05/2024 15:00,2242,5391,2500,0,-2050,1627,3028,1495.52,3374.01,2050.25,0,-2060.07,3743.75,3065.5
07/05/2024 15:15,2242,5391,2500,0,-2050,1627,3028,1495.52,3374.01,2050.25,0,-2060.07,3743.75,3065.5
07/05/2024 15:30,2242,5391,2500,0,-2050,1627,3028,1495.52,3374.01,2050.25,0,-2060.07,3743.75,3065.5
07/05/2024 15:45,2242,5391,2500,0,-2050,1627,3028,1495.52,3374.01,2050.25,0,-2060.07,3743.75,3065.5
07/05/2024 16:00,1833,4742,2500,0,-2590,2227,3028,1616.56,3498.08,1979,0,-2406.99,3526.5,3064.75
07/05/2024 16:15,1833,4742,2500,0,-2590,2227,3028,1616.56,3498.08,1979,0,-2406.99,3526.5,3064.75
07/05/2024 16:30,1833,4742,2500,0,-2590,2227,3028,1616.56,3498.08,1979,0,-2406.99,3526.5,3064.75
07/05/2024 16:45,1833,4742,2500,0,-2590,2227,3028,1616.56,3498.08,1979,0,-2406.99,3526.5,3064.75
07/05/2024 17:00,2156.1,3795,2500,0,-2422,2227,3028,1889.5,3332.03,1757,0,-2232.47,2865.25,3065
07/05/2024 17:15,2156.1,3795,2500,0,-2422,2227,3028,1889.5,3332.03,1757,0,-2232.47,2865.25,3065
07/05/2024 17:30,2156.1,3795,2500,0,-2422,2227,3028,1889.5,3332.03,1757,0,-2232.47,2865.25,3065
07/05/2024 17:45,2156.1,3795,2500,0,-2422,2227,3028,1889.5,3332.03,1757,0,-2232.47,2865.25,3065
07/05/2024 18:00,2348.5,2638.1,2500,0,-2914,2227,3028,2520.15,3366.14,1457.25,0,-2541.77,1877.5,3065
07/05/2024 18:15,2348.5,2638.1,2500,0,-2914,2227,3028,2520.15,3366.14,1457.25,0,-2541.77,1877.5,3065
07/05/2024 18:30,2348.5,2638.1,2500,0,-2914,2227,3028,2520.15,3366.14,1457.25,0,-2541.77,1877.5,3065
07/05/2024 18:45,2348.5,2638.1,2500,0,-2914,2227,3028,2520.15,3366.14,1457.25,0,-2541.77,1877.5,3065
07/05/2024 19:00,1977,2051.1,2500,0,-2910.5,2227,3028,2388.31,3200.76,1269.25,0,-2652.81,1218.5,3064.25
07/05/2024 19:15,1977,2051.1,2500,0,-2910.5,2227,3028,2388.31,3200.76,1269.25,0,-2652.81,1218.5,3064.25
07/05/2024 19:30,1977,2051.1,2500,0,-2910.5,2227,3028,2388.31,3200.76,1269.25,0,-2652.81,1218.5,3064.25
07/05/2024 19:45,1977,2051.1,2500,0,-2910.5,2227,3028,2388.31,3200.76,1269.25,0,-2652.81,1218.5,3064.25
07/05/2024 20:00,2792,2025.7,2500,0,-584.5,2227,3028,3006.59,3060.53,1312.75,0,-564.54,889.75,3063.25
07/05/2024 20:15,2792,2025.7,2500,0,-584.5,2227,3028,3006.59,3060.53,1312.75,0,-564.54,889.75,3063.25
07/05/2024 20:30,2792,2025.7,2500,0,-584.5,2227,3028,3006.59,3060.53,1312.75,0,-564.54,889.75,3063.25
07/05/2024 20:45,2792,2025.7,2500,0,-584.5,2227,3028,3006.59,3060.53,1312.75,0,-564.54,889.75,3063.25
07/05/2024 21:00,3408,3567.2,2500,0,1535.4,2227,3028,3633.76,3459.73,1786,0,1320.21,1520.5,3065
07/05/2024 21:15,3408,3567.2,2500,0,1535.4,2227,3028,3633.76,3459.73,1786,0,1320.21,1520.5,3065
07/05/2024 21:30,3408,3567.2,2500,0,1535.4,2227,3028,3633.76,3459.73,1786,0,1320.21,1520.5,3065
07/05/2024 21:45,3408,3567.2,2500,0,1535.4,2227,3028,3633.76,3459.73,1786,0,1320.21,1520.5,3065
07/05/2024 22:00,3737.4,4341.2,2500,0,-181.1,2227,3028,3812.22,3558.13,1999.25,0,367.73,1942.5,3065
07/05/2024 22:15,3737.4,4341.2,2500,0,-181.1,2227,3028,3812.22,3558.13,1999.25,0,367.73,1942.5,3065
07/05/2024 22:30,3737.4,4341.2,2500,0,-181.1,2227,3028,3812.22,3558.13,1999.25,0,367.73,1942.5,3065
07/05/2024 22:45,3737.4,4341.2,2500,0,-181.1,2227,3028,3812.22,3558.13,1999.25,0,367.73,1942.5,3065
07/05/2024 23:00,3856,5018,2500,0,-1614.1,2227,3028,3980.92,3747.07,1891,0,-1320.06,2457,3064.5
07/05/2024 23:15,3856,5018,2500,0,-1614.1,2227,3028,3980.92,3747.07,1891,0,-1320.06,2457,3064.5
07/05/2024 23:30,3856,5018,2500,0,-1614.1,2227,3028,3980.92,3747.07,1891,0,-1320.06,2457,3064.5
07/05/2024 23:45,3856,5018,2500,0,-1614.1,2227,3028,3980.92,3747.07,1891,0,-1320.06,2457,3064.5
08/05/2024 00:00,3972.1,4618.3,2745,0,-1083.1,2227,3028,4298.07,3488.29,1900.75,0,-1484.75,2895,3067.5
08/05/2024 00:15,3972.1,4618.3,2745,0,-1083.1,2227,3028,4298.07,3488.29,1900.75,0,-1484.75,2895,3067.5
08/05/2024 00:30,3972.1,4618.3,2745,0,-1083.1,2227,3028,4298.07,3488.29,1900.75,0,-1484.75,2895,3067.5
08/05/2024 00:45,3972.1,4618.3,2745,0,-1083.1,2227,3028,4298.07,3488.29,1900.75,0,-1484.75,2895,3067.5
08/05/2024 01:00,3770.9,4749.1,2745,0,-870,2227,3028,4071.33,3485.1,1781.5,0,-859.44,3039.5,3064.75
08/05/2024 01:15,3770.9,4749.1,2745,0,-870,2227,3028,4071.33,3485.1,1781.5,0,-859.44,3039.5,3064.75
08/05/2024 01:30,3770.9,4749.1,2745,0,-870,2227,3028,4071.33,3485.1,1781.5,0,-859.44,3039.5,3064.75
08/05/2024 01:45,3770.9,4749.1,2745,0,-870,2227,3028,4071.33,3485.1,1781.5,0,-859.44,3039.5,3064.75
08/05/2024 02:00,3785.05,4957.3,2745,0,-1364.7,2227,3028,4397.06,3554.92,1656.5,0,-1242.3,3223.25,3063.75
08/05/2024 02:15,3785.05,4957.3,2745,0,-1364.7,2227,3028,4397.06,3554.92,1656.5,0,-1242.3,3223.25,3063.75
08/05/2024 02:30,3785.05,4957.3,2745,0,-1364.7,2227,3028,4397.06,3554.92,1656.5,0,-1242.3,3223.25,3063.75
08/05/2024 02:45,3785.05,4957.3,2745,0,-1364.7,2227,3028,4397.06,3554.92,1656.5,0,-1242.3,3223.25,3063.75
08/05/2024 03:00,3809.6,4738.8,3076,0,-908.8,2227,3028,4236.44,3575.04,1731,0,-970.82,3326.5,3065.25
08/05/2024 03:15,3809.6,4738.8,3076,0,-908.8,2227,3028,4236.44,3575.04,1731,0,-970.82,3326.5,3065.25
08/05/2024 03:30,3809.6,4738.8,3076,0,-908.8,2227,3028,4236.44,3575.04,1731,0,-970.82,3326.5,3065.25
08/05/2024 03:45,3809.6,4738.8,3076,0,-908.8,2227,3028,4236.44,3575.04,1731,0,-970.82,3326.5,3065.25
08/05/2024 04:00,3798.5,4344.8,3076,0,-1088.6,2227,3028,4048.26,3478.9,1609.5,0,-864.62,3032.75,3064
08/05/2024 04:15,3798.5,4344.8,3076,0,-1088.6,2227,3028,4048.26,3478.9,1609.5,0,-864.62,3032.75,3064
08/05/2024 04:30,3798.5,4344.8,3076,0,-1088.6,2227,3028,4048.26,3478.9,1609.5,0,-864.62,3032.75,3064
08/05/2024 04:45,3798.5,4344.8,3076,0,-1088.6,2227,3028,4048.26,3478.9,1609.5,0,-864.62,3032.75,3064
08/05/2024 05:00,3839.3,3430.2,3076,0,-66.2,2226,3028,3968.53,3312.6,1480,0,-330.6,2588.25,3064
08/05/2024 05:15,3839.3,3430.2,3076,0,-66.2,2226,3028,3968.53,3312.6,1480,0,-330.6,2588.25,3064
08/05/2024 05:30,3839.3,3430.2,3076,0,-66.2,2226,3028,3968.53,3312.6,1480,0,-330.6,2588.25,3064
08/05/2024 05:45,3839.3,3430.2,3076,0,-66.2,2226,3028,3968.53,3312.6,1480,0,-330.6,2588.25,3064
08/05/2024 06:00,3119.4,2702.6,3076,0,1210.7,2227,3028,3642.02,3297.42,1336.75,0,1048.88,1906.5,3064.5
08/05/2024 06:15,3119.4,2702.6,3076,0,1210.7,2227,3028,3642.02,3297.42,1336.75,0,1048.88,1906.5,3064.5
08/05/2024 06:30,3119.4,2702.6,3076,0,1210.7,2227,3028,3642.02,3297.42,1336.75,0,1048.88,1906.5,3064.5
08/05/2024 06:45,3119.4,2702.6,3076,0,1210.7,2227,3028,3642.02,3297.42,1336.75,0,1048.88,1906.5,3064.5
08/05/2024 07:00,3036.7,2603.8,3000,0,2556.3,2227,3028,3848.9,3235.75,1360.5,0,2213.06,1179.75,3064.5
08/05/2024 07:15,3036.7,2603.8,3000,0,2556.3,2227,3028,3848.9,3235.75,1360.5,0,2213.06,1179.75,3064.5
08/05/2024 07:30,3036.7,2603.8,3000,0,2556.3,2227,3028,3848.9,3235.75,1360.5,0,2213.06,1179.75,3064.5
08/05/2024 07:45,3036.7,2603.8,3000,0,2556.3,2227,3028,3848.9,3235.75,1360.5,0,2213.06,1179.75,3064.5
08/05/2024 08:00,3664.2,2925.6,3000,0,803.2,2227,3028,4255.74,3222.23,1523,0,1389.94,1403.25,3064.75
08/05/2024 08:15,3664.2,2925.6,3000,0,803.2,2227,3028,4255.74,3222.23,1523,0,1389.94,1403.25,3064.75
08/05/2024 08:30,3664.2,2925.6,3000,0,803.2,2227,3028,4255.74,3222.23,1523,0,1389.94,1403.25,3064.75
08/05/2024 08:45,3664.2,2925.6,3000,0,803.2,2227,3028,4255.74,3222.23,1523,0,1389.94,1403.25,3064.75
08/05/2024 09:00,3938.65,4491.4,3000,0,-1813.7,2227,3028,3931.64,3274.19,1750.5,0,-1139.3,2584.25,3066
08/05/2024 09:15,3938.65,4491.4,3000,0,-1813.7,2227,3028,3931.64,3274.19,1750.5,0,-1139.3,2584.25,3066
08/05/2024 09:30,3938.65,4491.4,3000,0,-1813.7,2227,3028,3931.64,3274.19,1750.5,0,-1139.3,2584.25,3066
08/05/2024 09:45,3938.65,4491.4,3000,0,-1813.7,2227,3028,3931.64,3274.19,1750.5,0,-1139.3,2584.25,3066
08/05/2024 10:00,3905.7,4937,3000,0,-2400,2227,3028,3717.4,3287.54,1813.25,0,-2275.81,3189.25,3065.25
08/05/2024 10:15,3905.7,4937,3000,0,-2400,2227,3028,3717.4,3287.54,1813.25,0,-2275.81,3189.25,3065.25
08/05/2024 10:30,3905.7,4937,3000,0,-2400,2227,3028,3717.4,3287.54,1813.25,0,-2275.81,3189.25,3065.25
08/05/2024 10:45,3905.7,4937,3000,0,-2400,2227,3028,3717.4,3287.54,1813.25,0,-2275.81,3189.25,3065.25
08/05/2024 11:00,4048.75,5198.9,2600,0,-2497,1927,3028,3487.83,3265.27,1982.5,0,-2463.04,3825,3063.5
08/05/2024 11:15,4048.75,5198.9,2600,0,-2497,1927,3028,3487.83,3265.27,1982.5,0,-2463.04,3825,3063.5
08/05/2024 11:30,4048.75,5198.9,2600,0,-2497,1927,3028,3487.83,3265.27,1982.5,0,-2463.04,3825,3063.5
08/05/2024 11:45,4048.75,5198.9,2600,0,-2497,1927,3028,3487.83,3265.27,1982.5,0,-2463.04,3825,3063.5
08/05/2024 12:00,4195.3,4324.7,2500,0,-2497,1827,3028,3932.75,2707.65,1686,0,-2372.33,3052.75,3065.5
08/05/2024 12:15,4195.3,4324.7,2500,0,-2497,1827,3028,3932.75,2707.65,1686,0,-2372.33,3052.75,3065.5
08/05/2024 12:30,4195.3,4324.7,2500,0,-2497,1827,3028,3932.75,2707.65,1686,0,-2372.33,3052.75,3065.5
08/05/2024 12:45,4195.3,4324.7,2500,0,-2497,1827,3028,3932.75,2707.65,1686,0,-2372.33,3052.75,3065.5
08/05/2024 13:00,4007,5041.6,2500,0,-2497,1871,3028,4009.69,2847.79,1808.75,0,-2266.84,3320.75,3063.75
08/05/2024 13:15,4007,5041.6,2500,0,-2497,1871,3028,4009.69,2847.79,1808.75,0,-2266.84,3320.75,3063.75
08/05/2024 13:30,4007,5041.6,2500,0,-2497,1871,3028,4009.69,2847.79,1808.75,0,-2266.84,3320.75,3063.75
08/05/2024 13:45,4007,5041.6,2500,0,-2497,1871,3028,4009.69,2847.79,1808.75,0,-2266.84,3320.75,3063.75
08/05/2024 14:00,4076.45,5177.2,2500,0,-2497,1927,3028,3834.01,2828.55,1936.75,0,-2359.76,3759.5,3065.75
08/05/2024 14:15,4076.45,5177.2,2500,0,-2497,1927,3028,3834.01,2828.55,1936.75,0,-2359.76,3759.5,3065.75
08/05/2024 14:30,4076.45,5177.2,2500,0,-2497,1927,3028,3834.01,2828.55,1936.75,0,-2359.76,3759.5,3065.75
08/05/2024 14:45,4076.45,5177.2,2500,0,-2497,1927,3028,3834.01,2828.55,1936.75,0,-2359.76,3759.5,3065.75
08/05/2024 15:00,3935.6,4846.2,2271,0,-2500,1827,3028,4031.47,2722.6,1914.25,0,-2470.29,3689.5,3065.75
08/05/2024 15:15,3935.6,4846.2,2271,0,-2500,1827,3028,4031.47,2722.6,1914.25,0,-2470.29,3689.5,3065.75
08/05/2024 15:30,3935.6,4846.2,2271,0,-2500,1827,3028,4031.47,2722.6,1914.25,0,-2470.29,3689.5,3065.75
08/05/2024 15:45,3935.6,4846.2,2271,0,-2500,1827,3028,4031.47,2722.6,1914.25,0,-2470.29,3689.5,3065.75
08/05/2024 16:00,4048.1,4208.3,1996,0,-2500,1727,3028,4066.3,2595.78,1517.5,0,-2351.97,3144.75,3066.25
08/05/2024 16:15,4048.1,4208.3,1996,0,-2500,1727,3028,4066.3,2595.78,1517.5,0,-2351.97,3144.75,3066.25
08/05/2024 16:30,4048.1,4208.3,1996,0,-2500,1727,3028,4066.3,2595.78,1517.5,0,-2351.97,3144.75,3066.25
08/05/2024 16:45,4048.1,4208.3,1996,0,-2500,1727,3028,4066.3,2595.78,1517.5,0,-2351.97,3144.75,3066.25
08/05/2024 17:00,3781,2635.3,2796,0,-2500,2227,3028,3564.12,2552.56,1505.25,0,-2319.34,2600,3066
08/05/2024 17:15,3781,2635.3,2796,0,-2500,2227,3028,3564.12,2552.56,1505.25,0,-2319.34,2600,3066
08/05/2024 17:30,3781,2635.3,2796,0,-2500,2227,3028,3564.12,2552.56,1505.25,0,-2319.34,2600,3066
08/05/2024 17:45,3781,2635.3,2796,0,-2500,2227,3028,3564.12,2552.56,1505.25,0,-2319.34,2600,3066
08/05/2024 18:00,3495,1905.4,3000,0,-2247.6,2227,3028,3438.48,2652.44,1446.25,0,-2272.64,1779.5,3065.25
08/05/2024 18:15,3495,1905.4,3000,0,-2247.6,2227,3028,3438.48,2652.44,1446.25,0,-2272.64,1779.5,3065.25
08/05/2024 18:30,3495,1905.4,3000,0,-2247.6,2227,3028,3438.48,2652.44,1446.25,0,-2272.64,1779.5,3065.25
08/05/2024 18:45,3495,1905.4,3000,0,-2247.6,2227,3028,3438.48,2652.44,1446.25,0,-2272.64,1779.5,3065.25
08/05/2024 19:00,3380.1,2343.4,3000,0,-1063.7,2227,3028,3942.3,2740.37,1724,0,-1135.34,1274,3066.25
08/05/2024 19:15,3380.1,2343.4,3000,0,-1063.7,2227,3028,3942.3,2740.37,1724,0,-1135.34,1274,3066.25
08/05/2024 19:30,3380.1,2343.4,3000,0,-1063.7,2227,3028,3942.3,2740.37,1724,0,-1135.34,1274,3066.25
08/05/2024 19:45,3380.1,2343.4,3000,0,-1063.7,2227,3028,3942.3,2740.37,1724,0,-1135.34,1274,3066.25
08/05/2024 20:00,3084.2,2360,3000,0,2467.7000000000003,2227,3028,3679.86,2823.6,1854.5,0,1770.79,1022.75,3065.25
08/05/2024 20:15,3084.2,2360,3000,0,2467.7000000000003,2227,3028,3679.86,2823.6,1854.5,0,1770.79,1022.75,3065.25
08/05/2024 20:30,3084.2,2360,3000,0,2467.7000000000003,2227,3028,3679.86,2823.6,1854.5,0,1770.79,1022.75,3065.25
08/05/2024 20:45,3084.2,2360,3000,0,2467.7000000000003,2227,3028,3679.86,2823.6,1854.5,0,1770.79,1022.75,3065.25
08/05/2024 21:00,3187.8,2531.4,2939,0,2869,2222,3028,3709.75,2865.51,1978.75,0,2714.62,1113.75,3065
08/05/2024 21:15,3187.8,2531.4,2939,0,2869,2222,3028,3709.75,2865.51,1978.75,0,2714.62,1113.75,3065
08/05/2024 21:30,3187.8,2531.4,2939,0,2869,2222,3028,3709.75,2865.51,1978.75,0,2714.62,1113.75,3065
08/05/2024 21:45,3187.8,2531.4,2939,0,2869,2222,3028,3709.75,2865.51,1978.75,0,2714.62,1113.75,3065
08/05/2024 22:00,3650.2,2974.4,2939,0,1091.4,2227,3028,3996.88,2868.29,1916.25,0,1579.36,1533.5,3064.5
08/05/2024 22:15,3650.2,2974.4,2939,0,1091.4,2227,3028,3996.88,2868.29,1916.25,0,1579.36,1533.5,3064.5
08/05/2024 22:30,3650.2,2974.4,2939,0,1091.4,2227,3028,3996.88,2868.29,1916.25,0,1579.36,1533.5,3064.5
08/05/2024 22:45,3650.2,2974.4,2939,0,1091.4,2227,3028,3996.88,2868.29,1916.25,0,1579.36,1533.5,3064.5
08/05/2024 23:00,3760.1,4438.3,2689,0,-261.4,2227,3028,4393.6,3116.62,1981.75,0,-45.84,2099.75,3064.25
08/05/2024 23:15,3760.1,4438.3,2689,0,-261.4,2227,3028,4393.6,3116.62,1981.75,0,-45.84,2099.75,3064.25
08/05/2024 23:30,3760.1,4438.3,2689,0,-261.4,2227,3028,4393.6,3116.62,1981.75,0,-45.84,2099.75,3064.25
08/05/2024 23:45,3760.1,4438.3,2689,0,-261.4,2227,3028,4393.6,3116.62,1981.75,0,-45.84,2099.75,3064.25
09/05/2024 00:00,3987,2436.5,3125,0,2828.2,2227,3028,4064.62,2757.76,1813.5,0,1988.35,1822,3065.25
09/05/2024 00:15,3987,2436.5,3125,0,2828.2,2227,3028,4064.62,2757.76,1813.5,0,1988.35,1822,3065.25
09/05/2024 00:30,3987,2436.5,3125,0,2828.2,2227,3028,4064.62,2757.76,1813.5,0,1988.35,1822,3065.25
09/05/2024 00:45,3987,2436.5,3125,0,2828.2,2227,3028,4064.62,2757.76,1813.5,0,1988.35,1822,3065.25
09/05/2024 01:00,3900,2451.9,3125,0,2700,2227,3028,4176.45,2746.19,1672,0,2659.81,1916.25,3065.75
09/05/2024 01:15,3900,2451.9,3125,0,2700,2227,3028,4176.45,2746.19,1672,0,2659.81,1916.25,3065.75
09/05/2024 01:30,3900,2451.9,3125,0,2700,2227,3028,4176.45,2746.19,1672,0,2659.81,1916.25,3065.75
09/05/2024 01:45,3900,2451.9,3125,0,2700,2227,3028,4176.45,2746.19,1672,0,2659.81,1916.25,3065.75
09/05/2024 02:00,3817,3174.3,3125,0,2700,2227,3028,4229.63,2884.18,1722.5,0,2661.85,2267.75,3064
09/05/2024 02:15,3817,3174.3,3125,0,2700,2227,3028,4229.63,2884.18,1722.5,0,2661.85,2267.75,3064
09/05/2024 02:30,3817,3174.3,3125,0,2700,2227,3028,4229.63,2884.18,1722.5,0,2661.85,2267.75,3064
09/05/2024 02:45,3817,3174.3,3125,0,2700,2227,3028,4229.63,2884.18,1722.5,0,2661.85,2267.75,3064
09/05/2024 03:00,3978,2728.1,3125,0,2800,2227,3028,4578.17,2662.71,1609.25,0,2708.26,2143.25,3064.5
09/05/2024 03:15,3978,2728.1,3125,0,2800,2227,3028,4578.17,2662.71,1609.25,0,2708.26,2143.25,3064.5
09/05/2024 03:30,3978,2728.1,3125,0,2800,2227,3028,4578.17,2662.71,1609.25,0,2708.26,2143.25,3064.5
09/05/2024 03:45,3978,2728.1,3125,0,2800,2227,3028,4578.17,2662.71,1609.25,0,2708.26,2143.25,3064.5
09/05/2024 04:00,4050,1662.3,3125,0,2800,2227,3028,4578.26,2374.4,1390,0,2670.23,1597.25,3064.5
09/05/2024 04:15,4050,1662.3,3125,0,2800,2227,3028,4578.26,2374.4,1390,0,2670.23,1597.25,3064.5
09/05/2024 04:30,4050,1662.3,3125,0,2800,2227,3028,4578.26,2374.4,1390,0,2670.23,1597.25,3064.5
09/05/2024 04:45,4050,1662.3,3125,0,2800,2227,3028,4578.26,2374.4,1390,0,2670.23,1597.25,3064.5
09/05/2024 05:00,4183,1966,3125,0,2800,2227,3028,4585.12,2400.89,1484.25,0,2701.06,1631,3064.5
09/05/2024 05:15,4183,1966,3125,0,2800,2227,3028,4585.12,2400.89,1484.25,0,2701.06,1631,3064.5
09/05/2024 05:30,4183,1966,3125,0,2800,2227,3028,4585.12,2400.89,1484.25,0,2701.06,1631,3064.5
09/05/2024 05:45,4183,1966,3125,0,2800,2227,3028,4585.12,2400.89,1484.25,0,2701.06,1631,3064.5
09/05/2024 06:00,4150,2988,3125,0,2800,2227,3028,4428.05,2658.39,1910.25,0,2763.98,2037.25,3064.5
09/05/2024 06:15,4150,2988,3125,0,2800,2227,3028,4428.05,2658.39,1910.25,0,2763.98,2037.25,3064.5
09/05/2024 06:30,4150,2988,3125,0,2800,2227,3028,4428.05,2658.39,1910.25,0,2763.98,2037.25,3064.5
09/05/2024 06:45,4150,2988,3125,0,2800,2227,3028,4428.05,2658.39,1910.25,0,2763.98,2037.25,3064.5
09/05/2024 07:00,3696,2265.4,3230,0,2960,2227,3028,3955.89,2632.86,1945.5,0,2834.46,1969.5,3064.75
09/05/2024 07:15,3696,2265.4,3230,0,2960,2227,3028,3955.89,2632.86,1945.5,0,2834.46,1969.5,3064.75
09/05/2024 07:30,3696,2265.4,3230,0,2960,2227,3028,3955.89,2632.86,1945.5,0,2834.46,1969.5,3064.75
09/05/2024 07:45,3696,2265.4,3230,0,2960,2227,3028,3955.89,2632.86,1945.5,0,2834.46,1969.5,3064.75
09/05/2024 08:00,4073,2445,3230,0,2960,2227,3028,3911.03,2334.6,1933,0,2776.39,2282,3064.75
09/05/2024 08:15,4073,2445,3230,0,2960,2227,3028,3911.03,2334.6,1933,0,2776.39,2282,3064.75
09/05/2024 08:30,4073,2445,3230,0,2960,2227,3028,3911.03,2334.6,1933,0,2776.39,2282,3064.75
09/05/2024 08:45,4073,2445,3230,0,2960,2227,3028,3911.03,2334.6,1933,0,2776.39,2282,3064.75
09/05/2024 09:00,2065.7000000000003,2928.85,3227,0,2960,2225.9,3028,2457.88,2346.16,1850.25,0,2936.77,2694.75,3065.75
09/05/2024 09:15,2065.7000000000003,2928.85,3227,0,2960,2225.9,3028,2457.88,2346.16,1850.25,0,2936.77,2694.75,3065.75
09/05/2024 09:30,2065.7000000000003,2928.85,3227,0,2960,2225.9,3028,2457.88,2346.16,1850.25,0,2936.77,2694.75,3065.75
09/05/2024 09:45,2065.7000000000003,2928.85,3227,0,2960,2225.9,3028,2457.88,2346.16,1850.25,0,2936.77,2694.75,3065.75
09/05/2024 10:00,952.9499999999998,-642,3227,0,2464.7,2227,3028,257.12,1170.44,1551.5,0,2804.41,2292,3065
09/05/2024 10:15,952.9499999999998,-642,3227,0,2464.7,2227,3028,257.12,1170.44,1551.5,0,2804.41,2292,3065
09/05/2024 10:30,952.9499999999998,-642,3227,0,2464.7,2227,3028,257.12,1170.44,1551.5,0,2804.41,2292,3065
09/05/2024 10:45,952.9499999999998,-642,3227,0,2464.7,2227,3028,257.12,1170.44,1551.5,0,2804.41,2292,3065
09/05/2024 11:00,-708.65,-166.3,3227,0,2331.9,1439.5500000000002,3028,-1220.88,563.08,1410.25,0,2380.42,1910,3064.75
09/05/2024 11:15,-708.65,-166.3,3227,0,2331.9,1439.5500000000002,3028,-1220.88,563.08,1410.25,0,2380.42,1910,3064.75
09/05/2024 11:30,-708.65,-166.3,3227,0,2331.9,1439.5500000000002,3028,-1220.88,563.08,1410.25,0,2380.42,1910,3064.75
09/05/2024 11:45,-708.65,-166.3,3227,0,2331.9,1439.5500000000002,3028,-1220.88,563.08,1410.25,0,2380.42,1910,3064.75
09/05/2024 12:00,-1976.35,-469.2,3086,0,1496.8,-36.9,3028,-2234.86,-491.35,1178.5,0,1877.35,836.25,3066.25
09/05/2024 12:15,-1976.35,-469.2,3086,0,1496.8,-36.9,3028,-2234.86,-491.35,1178.5,0,1877.35,836.25,3066.25
09/05/2024 12:30,-1976.35,-469.2,3086,0,1496.8,-36.9,3028,-2234.86,-491.35,1178.5,0,1877.35,836.25,3066.25
09/05/2024 12:45,-1976.35,-469.2,3086,0,1496.8,-36.9,3028,-2234.86,-491.35,1178.5,0,1877.35,836.25,3066.25
09/05/2024 13:00,-1773.3,-207.55,3086,0,1610.8,862.8000000000001,3028,-1605.34,-92.52,1380.5,0,1776.09,879,3066
09/05/2024 13:15,-1773.3,-207.55,3086,0,1610.8,862.8000000000001,3028,-1605.34,-92.52,1380.5,0,1776.09,879,3066
09/05/2024 13:30,-1773.3,-207.55,3086,0,1610.8,862.8000000000001,3028,-1605.34,-92.52,1380.5,0,1776.09,879,3066
09/05/2024 13:45,-1773.3,-207.55,3086,0,1610.8,862.8000000000001,3028,-1605.34,-92.52,1380.5,0,1776.09,879,3066
09/05/2024 14:00,-433.2,-174.55,3086,0,2175.7,111.20000000000005,3028,-836.99,-45.44,1395.75,0,2173.39,753.75,3066.25
09/05/2024 14:15,-433.2,-174.55,3086,0,2175.7,111.20000000000005,3028,-836.99,-45.44,1395.75,0,2173.39,753.75,3066.25
09/05/2024 14:30,-433.2,-174.55,3086,0,2175.7,111.20000000000005,3028,-836.99,-45.44,1395.75,0,2173.39,753.75,3066.25
09/05/2024 14:45,-433.2,-174.55,3086,0,2175.7,111.20000000000005,3028,-836.99,-45.44,1395.75,0,2173.39,753.75,3066.25
09/05/2024 15:00,-689.5,1176.65,3524,0,1375,1110.1,3028,-418.8,625.85,1649,0,1598.43,1179.25,3066
09/05/2024 15:15,-689.5,1176.65,3524,0,1375,1110.1,3028,-418.8,625.85,1649,0,1598.43,1179.25,3066
09/05/2024 15:30,-689.5,1176.65,3524,0,1375,1110.1,3028,-418.8,625.85,1649,0,1598.43,1179.25,3066
09/05/2024 15:45,-689.5,1176.65,3524,0,1375,1110.1,3028,-418.8,625.85,1649,0,1598.43,1179.25,3066
09/05/2024 16:00,1334.55,3272.65,3524,0,1598.6,2227,3028,1545.02,2387.34,1970.25,0,1587.3,2854.5,3065.5
09/05/2024 16:15,1334.55,3272.65,3524,0,1598.6,2227,3028,1545.02,2387.34,1970.25,0,1587.3,2854.5,3065.5
09/05/2024 16:30,1334.55,3272.65,3524,0,1598.6,2227,3028,1545.02,2387.34,1970.25,0,1587.3,2854.5,3065.5
09/05/2024 16:45,1334.55,3272.65,3524,0,1598.6,2227,3028,1545.02,2387.34,1970.25,0,1587.3,2854.5,3065.5
09/05/2024 17:00,2627.1,2309,3124,0,2097.4,2227,3028,2598.75,2521.09,1814,0,2020.42,2654,3066.5
09/05/2024 17:15,2627.1,2309,3124,0,2097.4,2227,3028,2598.75,2521.09,1814,0,2020.42,2654,3066.5
09/05/2024 17:30,2627.1,2309,3124,0,2097.4,2227,3028,2598.75,2521.09,1814,0,2020.42,2654,3066.5
09/05/2024 17:45,2627.1,2309,3124,0,2097.4,2227,3028,2598.75,2521.09,1814,0,2020.42,2654,3066.5
09/05/2024 18:00,3460.8,2279,3644,0,2093.4,2227,3028,3819.26,2705.2,1791,0,2137.58,1978.25,3067.5
09/05/2024 18:15,3460.8,2279,3644,0,2093.4,2227,3028,3819.26,2705.2,1791,0,2137.58,1978.25,3067.5
09/05/2024 18:30,3460.8,2279,3644,0,2093.4,2227,3028,3819.26,2705.2,1791,0,2137.58,1978.25,3067.5
09/05/2024 18:45,3460.8,2279,3644,0,2093.4,2227,3028,3819.26,2705.2,1791,0,2137.58,1978.25,3067.5
09/05/2024 19:00,2857,1007,4044,0,2594.4,2227,3028,3725.69,2560.89,1581,0,2384.76,1009.25,3066
09/05/2024 19:15,2857,1007,4044,0,2594.4,2227,3028,3725.69,2560.89,1581,0,2384.76,1009.25,3066
09/05/2024 19:30,2857,1007,4044,0,2594.4,2227,3028,3725.69,2560.89,1581,0,2384.76,1009.25,3066
09/05/2024 19:45,2857,1007,4044,0,2594.4,2227,3028,3725.69,2560.89,1581,0,2384.76,1009.25,3066
09/05/2024 20:00,2916,1155,4044,0,2800,2227,3028,3860.34,2690.31,1731.5,0,2689.84,915,3067.75
09/05/2024 20:15,2916,1155,4044,0,2800,2227,3028,3860.34,2690.31,1731.5,0,2689.84,915,3067.75
09/05/2024 20:30,2916,1155,4044,0,2800,2227,3028,3860.34,2690.31,1731.5,0,2689.84,915,3067.75
09/05/2024 20:45,2916,1155,4044,0,2800,2227,3028,3860.34,2690.31,1731.5,0,2689.84,915,3067.75
09/05/2024 21:00,3289,914,3691,0,2800,2227,3028,4419.08,2458.09,1653.25,0,2690.29,720,3066
09/05/2024 21:15,3289,914,3691,0,2800,2227,3028,4419.08,2458.09,1653.25,0,2690.29,720,3066
09/05/2024 21:30,3289,914,3691,0,2800,2227,3028,4419.08,2458.09,1653.25,0,2690.29,720,3066
09/05/2024 21:45,3289,914,3691,0,2800,2227,3028,4419.08,2458.09,1653.25,0,2690.29,720,3066
09/05/2024 22:00,3656.65,734,3925,0,2800,2227,3028,4594.29,2595.16,1639,0,2735.98,683.5,3066.75
09/05/2024 22:15,3656.65,734,3925,0,2800,2227,3028,4594.29,2595.16,1639,0,2735.98,683.5,3066.75
09/05/2024 22:30,3656.65,734,3925,0,2800,2227,3028,4594.29,2595.16,1639,0,2735.98,683.5,3066.75
09/05/2024 22:45,3656.65,734,3925,0,2800,2227,3028,4594.29,2595.16,1639,0,2735.98,683.5,3066.75
09/05/2024 23:00,3930,2301,3695,0,2572.7,2227,3028,4694.51,3018.61,1991.5,0,2572.15,1281.5,3065.75
09/05/2024 23:15,3930,2301,3695,0,2572.7,2227,3028,4694.51,3018.61,1991.5,0,2572.15,1281.5,3065.75
09/05/2024 23:30,3930,2301,3695,0,2572.7,2227,3028,4694.51,3018.61,1991.5,0,2572.15,1281.5,3065.75
09/05/2024 23:45,3930,2301,3695,0,2572.7,2227,3028,4694.51,3018.61,1991.5,0,2572.15,1281.5,3065.75
10/05/2024 00:00,3613,3165,3219,0,2590,2227,3028,4368.91,3188.48,1881.75,0,2590.8,2031,3066.75
10/05/2024 00:15,3613,3165,3219,0,2590,2227,3028,4368.91,3188.48,1881.75,0,2590.8,2031,3066.75
10/05/2024 00:30,3613,3165,3219,0,2590,2227,3028,4368.91,3188.48,1881.75,0,2590.8,2031,3066.75
10/05/2024 00:45,3613,3165,3219,0,2590,2227,3028,4368.91,3188.48,1881.75,0,2590.8,2031,3066.75
10/05/2024 01:00,3399,2920,3219,0,2590,2227,3028,4318.14,3039.4,1544.75,0,2590.93,2161.75,3065.75
10/05/2024 01:15,3399,2920,3219,0,2590,2227,3028,4318.14,3039.4,1544.75,0,2590.93,2161.75,3065.75
10/05/2024 01:30,3399,2920,3219,0,2590,2227,3028,4318.14,3039.4,1544.75,0,2590.93,2161.75,3065.75
10/05/2024 01:45,3399,2920,3219,0,2590,2227,3028,4318.14,3039.4,1544.75,0,2590.93,2161.75,3065.75
10/05/2024 02:00,3375,2869,3817,0,2495,2227,3028,4505.54,2947.82,1522.5,0,2554.68,2473,3065.5
10/05/2024 02:15,3375,2869,3817,0,2495,2227,3028,4505.54,2947.82,1522.5,0,2554.68,2473,3065.5
10/05/2024 02:30,3375,2869,3817,0,2495,2227,3028,4505.54,2947.82,1522.5,0,2554.68,2473,3065.5
10/05/2024 02:45,3375,2869,3817,0,2495,2227,3028,4505.54,2947.82,1522.5,0,2554.68,2473,3065.5
10/05/2024 03:00,3418,2898,3817,0,2400,2227,3028,4526.2,3020.14,1383.75,0,2395.98,2599.25,3065
10/05/2024 03:15,3418,2898,3817,0,2400,2227,3028,4526.2,3020.14,1383.75,0,2395.98,2599.25,3065
10/05/2024 03:30,3418,2898,3817,0,2400,2227,3028,4526.2,3020.14,1383.75,0,2395.98,2599.25,3065
10/05/2024 03:45,3418,2898,3817,0,2400,2227,3028,4526.2,3020.14,1383.75,0,2395.98,2599.25,3065
10/05/2024 04:00,3613,3435,3817,0,2400,2227,3028,4678.78,3341.32,1430.5,0,2418.33,2812.25,3064.5
10/05/2024 04:15,3613,3435,3817,0,2400,2227,3028,4678.78,3341.32,1430.5,0,2418.33,2812.25,3064.5
10/05/2024 04:30,3613,3435,3817,0,2400,2227,3028,4678.78,3341.32,1430.5,0,2418.33,2812.25,3064.5
10/05/2024 04:45,3613,3435,3817,0,2400,2227,3028,4678.78,3341.32,1430.5,0,2418.33,2812.25,3064.5
10/05/2024 05:00,3763,3182,3219,0,2400,2227,3028,4832.52,3240.65,1448.25,0,2421.02,2137.75,3064.25
10/05/2024 05:15,3763,3182,3219,0,2400,2227,3028,4832.52,3240.65,1448.25,0,2421.02,2137.75,3064.25
10/05/2024 05:30,3763,3182,3219,0,2400,2227,3028,4832.52,3240.65,1448.25,0,2421.02,2137.75,3064.25
10/05/2024 05:45,3763,3182,3219,0,2400,2227,3028,4832.52,3240.65,1448.25,0,2421.02,2137.75,3064.25
10/05/2024 06:00,3590.55,1875,3219,0,2400,2227,3028,4613.23,2844.14,1512.25,0,2449.7,1351,3065.5
10/05/2024 06:15,3590.55,1875,3219,0,2400,2227,3028,4613.23,2844.14,1512.25,0,2449.7,1351,3065.5
10/05/2024 06:30,3590.55,1875,3219,0,2400,2227,3028,4613.23,2844.14,1512.25,0,2449.7,1351,3065.5
10/05/2024 06:45,3590.55,1875,3219,0,2400,2227,3028,4613.23,2844.14,1512.25,0,2449.7,1351,3065.5
10/05/2024 07:00,3396.4,1644,3153,0,3000,2227,3028,4243.45,2411.19,1488,0,2809.89,915.75,3065.5
10/05/2024 07:15,3396.4,1644,3153,0,3000,2227,3028,4243.45,2411.19,1488,0,2809.89,915.75,3065.5
10/05/2024 07:30,3396.4,1644,3153,0,3000,2227,3028,4243.45,2411.19,1488,0,2809.89,915.75,3065.5
10/05/2024 07:45,3396.4,1644,3153,0,3000,2227,3028,4243.45,2411.19,1488,0,2809.89,915.75,3065.5
10/05/2024 08:00,3561.8,2284,3153,0,3000,2227,3028,4191.11,2241.4,1579.75,0,2942.72,1374.25,3065.25
10/05/2024 08:15,3561.8,2284,3153,0,3000,2227,3028,4191.11,2241.4,1579.75,0,2942.72,1374.25,3065.25
10/05/2024 08:30,3561.8,2284,3153,0,3000,2227,3028,4191.11,2241.4,1579.75,0,2942.72,1374.25,3065.25
10/05/2024 08:45,3561.8,2284,3153,0,3000,2227,3028,4191.11,2241.4,1579.75,0,2942.72,1374.25,3065.25
10/05/2024 09:00,2219.05,2833,3153,0,2697.3,2227,3028,3236.44,2029.52,1717,0,2780.91,2161.25,3065.75
10/05/2024 09:15,2219.05,2833,3153,0,2697.3,2227,3028,3236.44,2029.52,1717,0,2780.91,2161.25,3065.75
10/05/2024 09:30,2219.05,2833,3153,0,2697.3,2227,3028,3236.44,2029.52,1717,0,2780.91,2161.25,3065.75
10/05/2024 09:45,2219.05,2833,3153,0,2697.3,2227,3028,3236.44,2029.52,1717,0,2780.91,2161.25,3065.75
10/05/2024 10:00,801.1,3068.55,3458.8,0,1854.1,2227,3028,2300.11,1946.05,1681,0,1993.22,2595.75,3065.5
10/05/2024 10:15,801.1,3068.55,3458.8,0,1854.1,2227,3028,2300.11,1946.05,1681,0,1993.22,2595.75,3065.5
10/05/2024 10:30,801.1,3068.55,3458.8,0,1854.1,2227,3028,2300.11,1946.05,1681,0,1993.22,2595.75,3065.5
10/05/2024 10:45,801.1,3068.55,3458.8,0,1854.1,2227,3028,2300.11,1946.05,1681,0,1993.22,2595.75,3065.5
10/05/2024 11:00,-248.95,1615.1,2589.5,0,1248.3,1721,3028,912.1,1522.23,1234.5,0,1523.63,2141.75,3065
10/05/2024 11:15,-248.95,1615.1,2589.5,0,1248.3,1721,3028,912.1,1522.23,1234.5,0,1523.63,2141.75,3065
10/05/2024 11:30,-248.95,1615.1,2589.5,0,1248.3,1721,3028,912.1,1522.23,1234.5,0,1523.63,2141.75,3065
10/05/2024 11:45,-248.95,1615.1,2589.5,0,1248.3,1721,3028,912.1,1522.23,1234.5,0,1523.63,2141.75,3065
10/05/2024 12:00,-1273.7,3163.1,2533.3,0,1913.8,-584.35,3028,125.47,1108.87,884,0,1727.49,1620.75,3065.25
10/05/2024 12:15,-1273.7,3163.1,2533.3,0,1913.8,-584.35,3028,125.47,1108.87,884,0,1727.49,1620.75,3065.25
10/05/2024 12:30,-1273.7,3163.1,2533.3,0,1913.8,-584.35,3028,125.47,1108.87,884,0,1727.49,1620.75,3065.25
10/05/2024 12:45,-1273.7,3163.1,2533.3,0,1913.8,-584.35,3028,125.47,1108.87,884,0,1727.49,1620.75,3065.25
10/05/2024 13:00,-1194.4,3242,3045.2000000000003,0,2700,-136.6,3028,205.95,1356.26,992,0,2236.53,1906.75,3066.5
10/05/2024 13:15,-1194.4,3242,3045.2000000000003,0,2700,-136.6,3028,205.95,1356.26,992,0,2236.53,1906.75,3066.5
10/05/2024 13:30,-1194.4,3242,3045.2000000000003,0,2700,-136.6,3028,205.95,1356.26,992,0,2236.53,1906.75,3066.5
10/05/2024 13:45,-1194.4,3242,3045.2000000000003,0,2700,-136.6,3028,205.95,1356.26,992,0,2236.53,1906.75,3066.5
10/05/2024 14:00,98.95000000000005,3306.55,3328,0,2699.3,599.75,3028,1197.28,1790.21,1294.25,0,2508.84,2278.5,3066
10/05/2024 14:15,98.95000000000005,3306.55,3328,0,2699.3,599.75,3028,1197.28,1790.21,1294.25,0,2508.84,2278.5,3066
10/05/2024 14:30,98.95000000000005,3306.55,3328,0,2699.3,599.75,3028,1197.28,1790.21,1294.25,0,2508.84,2278.5,3066
10/05/2024 14:45,98.95000000000005,3306.55,3328,0,2699.3,599.75,3028,1197.28,1790.21,1294.25,0,2508.84,2278.5,3066
10/05/2024 15:00,1157.85,1998.85,3236,0,974.3,2224.5,3028,1789.76,1905.84,1450,0,1289.74,2382,3065.5
10/05/2024 15:15,1157.85,1998.85,3236,0,974.3,2224.5,3028,1789.76,1905.84,1450,0,1289.74,2382,3065.5
10/05/2024 15:30,1157.85,1998.85,3236,0,974.3,2224.5,3028,1789.76,1905.84,1450,0,1289.74,2382,3065.5
10/05/2024 15:45,1157.85,1998.85,3236,0,974.3,2224.5,3028,1789.76,1905.84,1450,0,1289.74,2382,3065.5
10/05/2024 16:00,1486.3,3580.2,3236,0,-1209.7,2227,3028,2785.9,2449.52,1505.75,0,-617.32,2638.5,3066
10/05/2024 16:15,1486.3,3580.2,3236,0,-1209.7,2227,3028,2785.9,2449.52,1505.75,0,-617.32,2638.5,3066
10/05/2024 16:30,1486.3,3580.2,3236,0,-1209.7,2227,3028,2785.9,2449.52,1505.75,0,-617.32,2638.5,3066
10/05/2024 16:45,1486.3,3580.2,3236,0,-1209.7,2227,3028,2785.9,2449.52,1505.75,0,-617.32,2638.5,3066
10/05/2024 17:00,2343.8500000000004,3588,3236,0,-1331.9,2227,3028,3724.29,2912.67,1574.25,0,-1235.54,2385,3067.25
10/05/2024 17:15,2343.8500000000004,3588,3236,0,-1331.9,2227,3028,3724.29,2912.67,1574.25,0,-1235.54,2385,3067.25
10/05/2024 17:30,2343.8500000000004,3588,3236,0,-1331.9,2227,3028,3724.29,2912.67,1574.25,0,-1235.54,2385,3067.25
10/05/2024 17:45,2343.8500000000004,3588,3236,0,-1331.9,2227,3028,3724.29,2912.67,1574.25,0,-1235.54,2385,3067.25
10/05/2024 18:00,2317.75,2068,3861,0,-481.9,2227,3028,3782.47,2758.16,1419.25,0,-618.31,1331,3065.5
10/05/2024 18:15,2317.75,2068,3861,0,-481.9,2227,3028,3782.47,2758.16,1419.25,0,-618.31,1331,3065.5
10/05/2024 18:30,2317.75,2068,3861,0,-481.9,2227,3028,3782.47,2758.16,1419.25,0,-618.31,1331,3065.5
10/05/2024 18:45,2317.75,2068,3861,0,-481.9,2227,3028,3782.47,2758.16,1419.25,0,-618.31,1331,3065.5
10/05/2024 19:00,2113,1791,4044,0,630.9000000000001,2227,3028,3477.18,2849.78,1531.5,0,396.57,1063.5,3067.25
10/05/2024 19:15,2113,1791,4044,0,630.9000000000001,2227,3028,3477.18,2849.78,1531.5,0,396.57,1063.5,3067.25
10/05/2024 19:30,2113,1791,4044,0,630.9000000000001,2227,3028,3477.18,2849.78,1531.5,0,396.57,1063.5,3067.25
10/05/2024 19:45,2113,1791,4044,0,630.9000000000001,2227,3028,3477.18,2849.78,1531.5,0,396.57,1063.5,3067.25
10/05/2024 20:00,2425,1605,4044,0,2238.9,2227,3028,3480.13,2921.51,1815,0,1748.19,739.75,3066.5
10/05/2024 20:15,2425,1605,4044,0,2238.9,2227,3028,3480.13,2921.51,1815,0,1748.19,739.75,3066.5
10/05/2024 20:30,2425,1605,4044,0,2238.9,2227,3028,3480.13,2921.51,1815,0,1748.19,739.75,3066.5
10/05/2024 20:45,2425,1605,4044,0,2238.9,2227,3028,3480.13,2921.51,1815,0,1748.19,739.75,3066.5
10/05/2024 21:00,2844,2109,3641,0,2821,2227,3028,3820.51,3022.58,2201.75,0,2592.97,751.75,3067.75
10/05/2024 21:15,2844,2109,3641,0,2821,2227,3028,3820.51,3022.58,2201.75,0,2592.97,751.75,3067.75
10/05/2024 21:30,2844,2109,3641,0,2821,2227,3028,3820.51,3022.58,2201.75,0,2592.97,751.75,3067.75
10/05/2024 21:45,2844,2109,3641,0,2821,2227,3028,3820.51,3022.58,2201.75,0,2592.97,751.75,3067.75
10/05/2024 22:00,3206.4,2505,3641,0,996.6,2227,3028,4224.58,3297.12,2250.5,0,1516.67,1216,3066
10/05/2024 22:15,3206.4,2505,3641,0,996.6,2227,3028,4224.58,3297.12,2250.5,0,1516.67,1216,3066
10/05/2024 22:30,3206.4,2505,3641,0,996.6,2227,3028,4224.58,3297.12,2250.5,0,1516.67,1216,3066
10/05/2024 22:45,3206.4,2505,3641,0,996.6,2227,3028,4224.58,3297.12,2250.5,0,1516.67,1216,3066
10/05/2024 23:00,3615.1,3640,3406,0,894.2,2227,3028,4481.4,3444.63,2232.75,0,895.28,1744.5,3066.5
10/05/2024 23:15,3615.1,3640,3406,0,894.2,2227,3028,4481.4,3444.63,2232.75,0,895.28,1744.5,3066.5
10/05/2024 23:30,3615.1,3640,3406,0,894.2,2227,3028,4481.4,3444.63,2232.75,0,895.28,1744.5,3066.5
10/05/2024 23:45,3615.1,3640,3406,0,894.2,2227,3028,4481.4,3444.63,2232.75,0,895.28,1744.5,3066.5
11/05/2024 00:00,3440,1238,3147,0,2700,2227,3028,4117.35,2612.28,1489.5,0,2221.39,1277.5,3069.25
11/05/2024 00:15,3440,1238,3147,0,2700,2227,3028,4117.35,2612.28,1489.5,0,2221.39,1277.5,3069.25
11/05/2024 00:30,3440,1238,3147,0,2700,2227,3028,4117.35,2612.28,1489.5,0,2221.39,1277.5,3069.25
11/05/2024 00:45,3440,1238,3147,0,2700,2227,3028,4117.35,2612.28,1489.5,0,2221.39,1277.5,3069.25
11/05/2024 01:00,3458.9,1297,3147,0,2700,2227,3028,4478.92,2301.99,1221.75,0,2665.69,1109,3068
11/05/2024 01:15,3458.9,1297,3147,0,2700,2227,3028,4478.92,2301.99,1221.75,0,2665.69,1109,3068
11/05/2024 01:30,3458.9,1297,3147,0,2700,2227,3028,4478.92,2301.99,1221.75,0,2665.69,1109,3068
11/05/2024 01:45,3458.9,1297,3147,0,2700,2227,3028,4478.92,2301.99,1221.75,0,2665.69,1109,3068
11/05/2024 02:00,3027.9500000000003,1282,3147,0,2700,2227,3028,4524.46,2135.02,1041.25,0,2712.4,889,3068
11/05/2024 02:15,3027.9500000000003,1282,3147,0,2700,2227,3028,4524.46,2135.02,1041.25,0,2712.4,889,3068
11/05/2024 02:30,3027.9500000000003,1282,3147,0,2700,2227,3028,4524.46,2135.02,1041.25,0,2712.4,889,3068
11/05/2024 02:45,3027.9500000000003,1282,3147,0,2700,2227,3028,4524.46,2135.02,1041.25,0,2712.4,889,3068
11/05/2024 03:00,3087.9,1144,3678,0,2500,2227,3028,4358.21,2388.84,992,0,2547.97,1186.25,3067
11/05/2024 03:15,3087.9,1144,3678,0,2500,2227,3028,4358.21,2388.84,992,0,2547.97,1186.25,3067
11/05/2024 03:30,3087.9,1144,3678,0,2500,2227,3028,4358.21,2388.84,992,0,2547.97,1186.25,3067
11/05/2024 03:45,3087.9,1144,3678,0,2500,2227,3028,4358.21,2388.84,992,0,2547.97,1186.25,3067
11/05/2024 04:00,3077.55,1318,3678,0,2500,2227,3028,4489.42,2446.17,1022,0,2426.06,1280.75,3067.5
11/05/2024 04:15,3077.55,1318,3678,0,2500,2227,3028,4489.42,2446.17,1022,0,2426.06,1280.75,3067.5
11/05/2024 04:30,3077.55,1318,3678,0,2500,2227,3028,4489.42,2446.17,1022,0,2426.06,1280.75,3067.5
11/05/2024 04:45,3077.55,1318,3678,0,2500,2227,3028,4489.42,2446.17,1022,0,2426.06,1280.75,3067.5
11/05/2024 05:00,3179.75,1381,3678,0,2500,2227,3028,4718.24,2383.44,1083.5,0,2435.05,1230,3067
11/05/2024 05:15,3179.75,1381,3678,0,2500,2227,3028,4718.24,2383.44,1083.5,0,2435.05,1230,3067
11/05/2024 05:30,3179.75,1381,3678,0,2500,2227,3028,4718.24,2383.44,1083.5,0,2435.05,1230,3067
11/05/2024 05:45,3179.75,1381,3678,0,2500,2227,3028,4718.24,2383.44,1083.5,0,2435.05,1230,3067
11/05/2024 06:00,3238.3500000000004,2341.9,3678,0,2500,2227,3028,4728.57,2617.96,1273,0,2519.16,1692.5,3066.5
11/05/2024 06:15,3238.3500000000004,2341.9,3678,0,2500,2227,3028,4728.57,2617.96,1273,0,2519.16,1692.5,3066.5
11/05/2024 06:30,3238.3500000000004,2341.9,3678,0,2500,2227,3028,4728.57,2617.96,1273,0,2519.16,1692.5,3066.5
11/05/2024 06:45,3238.3500000000004,2341.9,3678,0,2500,2227,3028,4728.57,2617.96,1273,0,2519.16,1692.5,3066.5
11/05/2024 07:00,3052.9,1720,3474,0,2900,2227,2928,4431.41,2313.88,1306.75,0,2672.36,1554.5,2974
11/05/2024 07:15,3052.9,1720,3474,0,2900,2227,2928,4431.41,2313.88,1306.75,0,2672.36,1554.5,2974
11/05/2024 07:30,3052.9,1720,3474,0,2900,2227,2928,4431.41,2313.88,1306.75,0,2672.36,1554.5,2974
11/05/2024 07:45,3052.9,1720,3474,0,2900,2227,2928,4431.41,2313.88,1306.75,0,2672.36,1554.5,2974
11/05/2024 08:00,1747.1999999999998,2269,3012,0,2900,2226.9,2406,3879.13,2204.88,1216.5,0,2799.91,1585.75,2490.5
11/05/2024 08:15,1747.1999999999998,2269,3012,0,2900,2226.9,2406,3879.13,2204.88,1216.5,0,2799.91,1585.75,2490.5
11/05/2024 08:30,1747.1999999999998,2269,3012,0,2900,2226.9,2406,3879.13,2204.88,1216.5,0,2799.91,1585.75,2490.5
11/05/2024 08:45,1747.1999999999998,2269,3012,0,2900,2226.9,2406,3879.13,2204.88,1216.5,0,2799.91,1585.75,2490.5
11/05/2024 09:00,457.1500000000001,2524.5,2054.1,0,1285.5,2227,2012,2550.2,1864.76,1117,0,1750.03,1481.25,2084
11/05/2024 09:15,457.1500000000001,2524.5,2054.1,0,1285.5,2227,2012,2550.2,1864.76,1117,0,1750.03,1481.25,2084
11/05/2024 09:30,457.1500000000001,2524.5,2054.1,0,1285.5,2227,2012,2550.2,1864.76,1117,0,1750.03,1481.25,2084
11/05/2024 09:45,457.1500000000001,2524.5,2054.1,0,1285.5,2227,2012,2550.2,1864.76,1117,0,1750.03,1481.25,2084
11/05/2024 10:00,-895.2,153.95000000000002,446.3,0,2900,2185.85,1718,267.61,571.08,574.75,0,2531.37,687,1792.75
11/05/2024 10:15,-895.2,153.95000000000002,446.3,0,2900,2185.85,1718,267.61,571.08,574.75,0,2531.37,687,1792.75
11/05/2024 10:30,-895.2,153.95000000000002,446.3,0,2900,2185.85,1718,267.61,571.08,574.75,0,2531.37,687,1792.75
11/05/2024 10:45,-895.2,153.95000000000002,446.3,0,2900,2185.85,1718,267.61,571.08,574.75,0,2531.37,687,1792.75
11/05/2024 11:00,-2667.4,-406.85,615.7,0,2414,-13.6,1840,-1640.68,-461.44,-24,0,2625.11,-386.25,1849
11/05/2024 11:15,-2667.4,-406.85,615.7,0,2414,-13.6,1840,-1640.68,-461.44,-24,0,2625.11,-386.25,1849
11/05/2024 11:30,-2667.4,-406.85,615.7,0,2414,-13.6,1840,-1640.68,-461.44,-24,0,2625.11,-386.25,1849
11/05/2024 11:45,-2667.4,-406.85,615.7,0,2414,-13.6,1840,-1640.68,-461.44,-24,0,2625.11,-386.25,1849
11/05/2024 12:00,-3548.45,-1057.25,403.4,0,2636,-937.7,2135,-2596.49,-1210.28,-405,0,2619.7,-1017.25,2107.5
11/05/2024 12:15,-3548.45,-1057.25,403.4,0,2636,-937.7,2135,-2596.49,-1210.28,-405,0,2619.7,-1017.25,2107.5
11/05/2024 12:30,-3548.45,-1057.25,403.4,0,2636,-937.7,2135,-2596.49,-1210.28,-405,0,2619.7,-1017.25,2107.5
11/05/2024 12:45,-3548.45,-1057.25,403.4,0,2636,-937.7,2135,-2596.49,-1210.28,-405,0,2619.7,-1017.25,2107.5
11/05/2024 13:00,-2906.4,-2030.7,159,0,2636,150,1684,-1541.47,-1619.03,-536.75,0,2632.49,-1353,1758.75
11/05/2024 13:15,-2906.4,-2030.7,159,0,2636,150,1684,-1541.47,-1619.03,-536.75,0,2632.49,-1353,1758.75
11/05/2024 13:30,-2906.4,-2030.7,159,0,2636,150,1684,-1541.47,-1619.03,-536.75,0,2632.49,-1353,1758.75
11/05/2024 13:45,-2906.4,-2030.7,159,0,2636,150,1684,-1541.47,-1619.03,-536.75,0,2632.49,-1353,1758.75
11/05/2024 14:00,-3165.1,-932.95,293.1,0,2636,-695,2169,-1889.4,-1291.41,-402.5,0,2654.83,-958.25,2098.25
11/05/2024 14:15,-3165.1,-932.95,293.1,0,2636,-695,2169,-1889.4,-1291.41,-402.5,0,2654.83,-958.25,2098.25
11/05/2024 14:30,-3165.1,-932.95,293.1,0,2636,-695,2169,-1889.4,-1291.41,-402.5,0,2654.83,-958.25,2098.25
11/05/2024 14:45,-3165.1,-932.95,293.1,0,2636,-695,2169,-1889.4,-1291.41,-402.5,0,2654.83,-958.25,2098.25
11/05/2024 15:00,-3024.7,17,365.2,0,2590,-224.7,1591,-2286.73,-233.84,-249,0,2566.06,-279.5,1711.25
11/05/2024 15:15,-3024.7,17,365.2,0,2590,-224.7,1591,-2286.73,-233.84,-249,0,2566.06,-279.5,1711.25
11/05/2024 15:30,-3024.7,17,365.2,0,2590,-224.7,1591,-2286.73,-233.84,-249,0,2566.06,-279.5,1711.25
11/05/2024 15:45,-3024.7,17,365.2,0,2590,-224.7,1591,-2286.73,-233.84,-249,0,2566.06,-279.5,1711.25
11/05/2024 16:00,-2480,691.45,574.9,0,2590,1390.15,1815,-1146.95,427.52,194.5,0,2585.58,367.5,1804.25
11/05/2024 16:15,-2480,691.45,574.9,0,2590,1390.15,1815,-1146.95,427.52,194.5,0,2585.58,367.5,1804.25
11/05/2024 16:30,-2480,691.45,574.9,0,2590,1390.15,1815,-1146.95,427.52,194.5,0,2585.58,367.5,1804.25
11/05/2024 16:45,-2480,691.45,574.9,0,2590,1390.15,1815,-1146.95,427.52,194.5,0,2585.58,367.5,1804.25
11/05/2024 17:00,43.04999999999998,2369,1716,0,-1741.3,2227,2757,1143.49,1803.51,952.75,0,-553.01,1813.25,2625
11/05/2024 17:15,43.04999999999998,2369,1716,0,-1741.3,2227,2757,1143.49,1803.51,952.75,0,-553.01,1813.25,2625
11/05/2024 17:30,43.04999999999998,2369,1716,0,-1741.3,2227,2757,1143.49,1803.51,952.75,0,-553.01,1813.25,2625
11/05/2024 17:45,43.04999999999998,2369,1716,0,-1741.3,2227,2757,1143.49,1803.51,952.75,0,-553.01,1813.25,2625
11/05/2024 18:00,862.9,1851.45,3222,0,-2293.7,2227,3028,2580.54,1794.59,1258.5,0,-2301.17,1469.75,3051.75
11/05/2024 18:15,862.9,1851.45,3222,0,-2293.7,2227,3028,2580.54,1794.59,1258.5,0,-2301.17,1469.75,3051.75
11/05/2024 18:30,862.9,1851.45,3222,0,-2293.7,2227,3028,2580.54,1794.59,1258.5,0,-2301.17,1469.75,3051.75
11/05/2024 18:45,862.9,1851.45,3222,0,-2293.7,2227,3028,2580.54,1794.59,1258.5,0,-2301.17,1469.75,3051.75
11/05/2024 19:00,1869,1685,3623,0,-2267.2,2227,3028,3750.28,2441.67,1507.25,0,-2378.15,1059.75,3068.5
11/05/2024 19:15,1869,1685,3623,0,-2267.2,2227,3028,3750.28,2441.67,1507.25,0,-2378.15,1059.75,3068.5
11/05/2024 19:30,1869,1685,3623,0,-2267.2,2227,3028,3750.28,2441.67,1507.25,0,-2378.15,1059.75,3068.5
11/05/2024 19:45,1869,1685,3623,0,-2267.2,2227,3028,3750.28,2441.67,1507.25,0,-2378.15,1059.75,3068.5
11/05/2024 20:00,1876,1845,3623,0,613.5,2227,3028,3541.43,2652.62,1547,0,148.59,748.75,3069.25
11/05/2024 20:15,1876,1845,3623,0,613.5,2227,3028,3541.43,2652.62,1547,0,148.59,748.75,3069.25
11/05/2024 20:30,1876,1845,3623,0,613.5,2227,3028,3541.43,2652.62,1547,0,148.59,748.75,3069.25
11/05/2024 20:45,1876,1845,3623,0,613.5,2227,3028,3541.43,2652.62,1547,0,148.59,748.75,3069.25
11/05/2024 21:00,2309,1351,3187,0,2887.2,2227,3028,3668.79,2345.92,1535.5,0,2226.46,353.5,3068.25
11/05/2024 21:15,2309,1351,3187,0,2887.2,2227,3028,3668.79,2345.92,1535.5,0,2226.46,353.5,3068.25
11/05/2024 21:30,2309,1351,3187,0,2887.2,2227,3028,3668.79,2345.92,1535.5,0,2226.46,353.5,3068.25
11/05/2024 21:45,2309,1351,3187,0,2887.2,2227,3028,3668.79,2345.92,1535.5,0,2226.46,353.5,3068.25
11/05/2024 22:00,2678,2239,3187,0,2205.8,2227,3028,3600.77,2375.23,1980.75,0,2417.1,873.5,3069
11/05/2024 22:15,2678,2239,3187,0,2205.8,2227,3028,3600.77,2375.23,1980.75,0,2417.1,873.5,3069
11/05/2024 22:30,2678,2239,3187,0,2205.8,2227,3028,3600.77,2375.23,1980.75,0,2417.1,873.5,3069
11/05/2024 22:45,2678,2239,3187,0,2205.8,2227,3028,3600.77,2375.23,1980.75,0,2417.1,873.5,3069
11/05/2024 23:00,2729,3233,3244,0,1241.7,2227,3024,3302.93,2496.1,2356,0,1437.79,2212.75,3064.25
11/05/2024 23:15,2729,3233,3244,0,1241.7,2227,3024,3302.93,2496.1,2356,0,1437.79,2212.75,3064.25
11/05/2024 23:30,2729,3233,3244,0,1241.7,2227,3024,3302.93,2496.1,2356,0,1437.79,2212.75,3064.25
11/05/2024 23:45,2729,3233,3244,0,1241.7,2227,3024,3302.93,2496.1,2356,0,1437.79,2212.75,3064.25
12/05/2024 00:00,1952.2,2953.3,3265,0,2725,2227,2510,2768.6,2709.13,2056.75,0,2343.12,2616.25,2606
12/05/2024 00:15,1952.2,2953.3,3265,0,2725,2227,2510,2768.6,2709.13,2056.75,0,2343.12,2616.25,2606
12/05/2024 00:30,1952.2,2953.3,3265,0,2725,2227,2510,2768.6,2709.13,2056.75,0,2343.12,2616.25,2606
12/05/2024 00:45,1952.2,2953.3,3265,0,2725,2227,2510,2768.6,2709.13,2056.75,0,2343.12,2616.25,2606
12/05/2024 01:00,1979,3154,3265,0,2500,2227,2286,2547.44,2728.86,1681.25,0,2494.45,3015.75,2339.75
12/05/2024 01:15,1979,3154,3265,0,2500,2227,2286,2547.44,2728.86,1681.25,0,2494.45,3015.75,2339.75
12/05/2024 01:30,1979,3154,3265,0,2500,2227,2286,2547.44,2728.86,1681.25,0,2494.45,3015.75,2339.75
12/05/2024 01:45,1979,3154,3265,0,2500,2227,2286,2547.44,2728.86,1681.25,0,2494.45,3015.75,2339.75
12/05/2024 02:00,1829,3663,3265,0,2200,2227,2259,2261.52,2882.53,1795.5,0,2254.12,3380.25,2286.25
12/05/2024 02:15,1829,3663,3265,0,2200,2227,2259,2261.52,2882.53,1795.5,0,2254.12,3380.25,2286.25
12/05/2024 02:30,1829,3663,3265,0,2200,2227,2259,2261.52,2882.53,1795.5,0,2254.12,3380.25,2286.25
12/05/2024 02:45,1829,3663,3265,0,2200,2227,2259,2261.52,2882.53,1795.5,0,2254.12,3380.25,2286.25
12/05/2024 03:00,2194,3756,3247,0,2500,2227,1852,2501.4,2794.3,1737.5,0,2322.21,3220.75,1923.75
12/05/2024 03:15,2194,3756,3247,0,2500,2227,1852,2501.4,2794.3,1737.5,0,2322.21,3220.75,1923.75
12/05/2024 03:30,2194,3756,3247,0,2500,2227,1852,2501.4,2794.3,1737.5,0,2322.21,3220.75,1923.75
12/05/2024 03:45,2194,3756,3247,0,2500,2227,1852,2501.4,2794.3,1737.5,0,2322.21,3220.75,1923.75
12/05/2024 04:00,1376.85,3070,3247,0,2500,2227,2666,1844.2,2551.85,1476,0,2435.02,3099.75,2591
12/05/2024 04:15,1376.85,3070,3247,0,2500,2227,2666,1844.2,2551.85,1476,0,2435.02,3099.75,2591
12/05/2024 04:30,1376.85,3070,3247,0,2500,2227,2666,1844.2,2551.85,1476,0,2435.02,3099.75,2591
12/05/2024 04:45,1376.85,3070,3247,0,2500,2227,2666,1844.2,2551.85,1476,0,2435.02,3099.75,2591
12/05/2024 05:00,1952.3,2414,3247,0,2500,2227,2776,2109.69,2492.85,1421.75,0,2488.55,3022.5,2795
12/05/2024 05:15,1952.3,2414,3247,0,2500,2227,2776,2109.69,2492.85,1421.75,0,2488.55,3022.5,2795
12/05/2024 05:30,1952.3,2414,3247,0,2500,2227,2776,2109.69,2492.85,1421.75,0,2488.55,3022.5,2795
12/05/2024 05:45,1952.3,2414,3247,0,2500,2227,2776,2109.69,2492.85,1421.75,0,2488.55,3022.5,2795
12/05/2024 06:00,2156.3,3349,2776,0,2500,2227,2180,2668.19,2813.97,1434.5,0,2452.71,3181.5,2281.5
12/05/2024 06:15,2156.3,3349,2776,0,2500,2227,2180,2668.19,2813.97,1434.5,0,2452.71,3181.5,2281.5
12/05/2024 06:30,2156.3,3349,2776,0,2500,2227,2180,2668.19,2813.97,1434.5,0,2452.71,3181.5,2281.5
12/05/2024 06:45,2156.3,3349,2776,0,2500,2227,2180,2668.19,2813.97,1434.5,0,2452.71,3181.5,2281.5
12/05/2024 07:00,1495.9,1290.2,1641,0,2729,2223.1,1744,2086.72,1535.87,780.5,0,2485.3,1935,1812.75
12/05/2024 07:15,1495.9,1290.2,1641,0,2729,2223.1,1744,2086.72,1535.87,780.5,0,2485.3,1935,1812.75
12/05/2024 07:30,1495.9,1290.2,1641,0,2729,2223.1,1744,2086.72,1535.87,780.5,0,2485.3,1935,1812.75
12/05/2024 07:45,1495.9,1290.2,1641,0,2729,2223.1,1744,2086.72,1535.87,780.5,0,2485.3,1935,1812.75
12/05/2024 08:00,216.6,879.45,821,0,2729,1749.2,1791,1259.81,668.21,442.25,0,2639.9,922,1796
12/05/2024 08:15,216.6,879.45,821,0,2729,1749.2,1791,1259.81,668.21,442.25,0,2639.9,922,1796
12/05/2024 08:30,216.6,879.45,821,0,2729,1749.2,1791,1259.81,668.21,442.25,0,2639.9,922,1796
12/05/2024 08:45,216.6,879.45,821,0,2729,1749.2,1791,1259.81,668.21,442.25,0,2639.9,922,1796
12/05/2024 09:00,-1555.35,748.2,148,0,2729,436.9999999999999,1866,-313.28,-518.61,-443.25,0,2724.2,-490.5,1886.75
12/05/2024 09:15,-1555.35,748.2,148,0,2729,436.9999999999999,1866,-313.28,-518.61,-443.25,0,2724.2,-490.5,1886.75
12/05/2024 09:30,-1555.35,748.2,148,0,2729,436.9999999999999,1866,-313.28,-518.61,-443.25,0,2724.2,-490.5,1886.75
12/05/2024 09:45,-1555.35,748.2,148,0,2729,436.9999999999999,1866,-313.28,-518.61,-443.25,0,2724.2,-490.5,1886.75
12/05/2024 10:00,-2355.05,-2471.25,148,0,2729,-46.1,1569,-1601.99,-1937.06,-1131.5,0,2729.11,-1565.25,1628.75
12/05/2024 10:15,-2355.05,-2471.25,148,0,2729,-46.1,1569,-1601.99,-1937.06,-1131.5,0,2729.11,-1565.25,1628.75
12/05/2024 10:30,-2355.05,-2471.25,148,0,2729,-46.1,1569,-1601.99,-1937.06,-1131.5,0,2729.11,-1565.25,1628.75
12/05/2024 10:45,-2355.05,-2471.25,148,0,2729,-46.1,1569,-1601.99,-1937.06,-1131.5,0,2729.11,-1565.25,1628.75
12/05/2024 11:00,-2964.45,-1356.85,-983,0,2821,-711.3,1895,-2361.29,-2435.66,-1293.75,0,2848.88,-1956,1877.25
12/05/2024 11:15,-2964.45,-1356.85,-983,0,2821,-711.3,1895,-2361.29,-2435.66,-1293.75,0,2848.88,-1956,1877.25
12/05/2024 11:30,-2964.45,-1356.85,-983,0,2821,-711.3,1895,-2361.29,-2435.66,-1293.75,0,2848.88,-1956,1877.25
12/05/2024 11:45,-2964.45,-1356.85,-983,0,2821,-711.3,1895,-2361.29,-2435.66,-1293.75,0,2848.88,-1956,1877.25
12/05/2024 12:00,-2728.05,-3221,-861,0,2821,-1200,2627,-2981.2,-3062.66,-1488,0,2653.06,-2574,2538.5
12/05/2024 12:15,-2728.05,-3221,-861,0,2821,-1200,2627,-2981.2,-3062.66,-1488,0,2653.06,-2574,2538.5
12/05/2024 12:30,-2728.05,-3221,-861,0,2821,-1200,2627,-2981.2,-3062.66,-1488,0,2653.06,-2574,2538.5
12/05/2024 12:45,-2728.05,-3221,-861,0,2821,-1200,2627,-2981.2,-3062.66,-1488,0,2653.06,-2574,2538.5
12/05/2024 13:00,-2861.75,-3750.2,-861,0,2821,-736.5,2740,-3169.51,-2884.39,-1510,0,2827.97,-2636,2246.5
12/05/2024 13:15,-2861.75,-3750.2,-861,0,2821,-736.5,2740,-3169.51,-2884.39,-1510,0,2827.97,-2636,2246.5
12/05/2024 13:30,-2861.75,-3750.2,-861,0,2821,-736.5,2740,-3169.51,-2884.39,-1510,0,2827.97,-2636,2246.5
12/05/2024 13:45,-2861.75,-3750.2,-861,0,2821,-736.5,2740,-3169.51,-2884.39,-1510,0,2827.97,-2636,2246.5
12/05/2024 14:00,-2959.9,-2336.6,-861,0,2821,-650.8,2704,-2480.64,-2423.12,-1393.25,0,2812.73,-2226.25,1716
12/05/2024 14:15,-2959.9,-2336.6,-861,0,2821,-650.8,2704,-2480.64,-2423.12,-1393.25,0,2812.73,-2226.25,1716
12/05/2024 14:30,-2959.9,-2336.6,-861,0,2821,-650.8,2704,-2480.64,-2423.12,-1393.25,0,2812.73,-2226.25,1716
12/05/2024 14:45,-2959.9,-2336.6,-861,0,2821,-650.8,2704,-2480.64,-2423.12,-1393.25,0,2812.73,-2226.25,1716
12/05/2024 15:00,-2844.4,-2545.15,140,0,2550.2,-757.2,2725,-2354.52,-2089.25,-1285,0,2841.08,-1891,1726.5
12/05/2024 15:15,-2844.4,-2545.15,140,0,2550.2,-757.2,2725,-2354.52,-2089.25,-1285,0,2841.08,-1891,1726.5
12/05/2024 15:30,-2844.4,-2545.15,140,0,2550.2,-757.2,2725,-2354.52,-2089.25,-1285,0,2841.08,-1891,1726.5
12/05/2024 15:45,-2844.4,-2545.15,140,0,2550.2,-757.2,2725,-2354.52,-2089.25,-1285,0,2841.08,-1891,1726.5
12/05/2024 16:00,-1928.65,-568.8,140,0,1600,-575.8,1909,-1169.69,-1119.56,-802,0,1605.9,-912.75,1031.5
12/05/2024 16:15,-1928.65,-568.8,140,0,1600,-575.8,1909,-1169.69,-1119.56,-802,0,1605.9,-912.75,1031.5
12/05/2024 16:30,-1928.65,-568.8,140,0,1600,-575.8,1909,-1169.69,-1119.56,-802,0,1605.9,-912.75,1031.5
12/05/2024 16:45,-1928.65,-568.8,140,0,1600,-575.8,1909,-1169.69,-1119.56,-802,0,1605.9,-912.75,1031.5
12/05/2024 17:00,492.9,1299.3,1086,0,-722.5,2022.15,2608,1476.68,883,294,0,369.98,905.5,1021
12/05/2024 17:15,492.9,1299.3,1086,0,-722.5,2022.15,2608,1476.68,883,294,0,369.98,905.5,1021
12/05/2024 17:30,492.9,1299.3,1086,0,-722.5,2022.15,2608,1476.68,883,294,0,369.98,905.5,1021
12/05/2024 17:45,492.9,1299.3,1086,0,-722.5,2022.15,2608,1476.68,883,294,0,369.98,905.5,1021
12/05/2024 18:00,3100.35,3804.1,3028,0,-3200,2227,2945,3623.15,2533.98,1321,0,-2189.04,2940.5,1024
12/05/2024 18:15,3100.35,3804.1,3028,0,-3200,2227,2945,3623.15,2533.98,1321,0,-2189.04,2940.5,1024
12/05/2024 18:30,3100.35,3804.1,3028,0,-3200,2227,2945,3623.15,2533.98,1321,0,-2189.04,2940.5,1024
12/05/2024 18:45,3100.35,3804.1,3028,0,-3200,2227,2945,3623.15,2533.98,1321,0,-2189.04,2940.5,1024
12/05/2024 19:00,3561,1665,3432,0,-714.7,2227,3028,3712.79,2555.13,1853.25,0,-1155.15,2447,1024
12/05/2024 19:15,3561,1665,3432,0,-714.7,2227,3028,3712.79,2555.13,1853.25,0,-1155.15,2447,1024
12/05/2024 19:30,3561,1665,3432,0,-714.7,2227,3028,3712.79,2555.13,1853.25,0,-1155.15,2447,1024
12/05/2024 19:45,3561,1665,3432,0,-714.7,2227,3028,3712.79,2555.13,1853.25,0,-1155.15,2447,1024
12/05/2024 20:00,3501,1425,3432,0,1519.8,2227,3028,3354.95,2549.43,1790.5,0,954.97,1978.25,1024
12/05/2024 20:15,3501,1425,3432,0,1519.8,2227,3028,3354.95,2549.43,1790.5,0,954.97,1978.25,1024
12/05/2024 20:30,3501,1425,3432,0,1519.8,2227,3028,3354.95,2549.43,1790.5,0,954.97,1978.25,1024
12/05/2024 20:45,3501,1425,3432,0,1519.8,2227,3028,3354.95,2549.43,1790.5,0,954.97,1978.25,1024
12/05/2024 21:00,3573,2654,2995,0,3052,2227,3028,3026.16,2748.52,2226.5,0,2529.73,2247.75,1024
12/05/2024 21:15,3573,2654,2995,0,3052,2227,3028,3026.16,2748.52,2226.5,0,2529.73,2247.75,1024
12/05/2024 21:30,3573,2654,2995,0,3052,2227,3028,3026.16,2748.52,2226.5,0,2529.73,2247.75,1024
12/05/2024 21:45,3573,2654,2995,0,3052,2227,3028,3026.16,2748.52,2226.5,0,2529.73,2247.75,1024
12/05/2024 22:00,3206.55,2675.5,2695,0,2852,2227,3028,2727.49,2429.04,2346,0,2943.03,2757.25,1021
12/05/2024 22:15,3206.55,2675.5,2695,0,2852,2227,3028,2727.49,2429.04,2346,0,2943.03,2757.25,1021
12/05/2024 22:30,3206.55,2675.5,2695,0,2852,2227,3028,2727.49,2429.04,2346,0,2943.03,2757.25,1021
12/05/2024 22:45,3206.55,2675.5,2695,0,2852,2227,3028,2727.49,2429.04,2346,0,2943.03,2757.25,1021
12/05/2024 23:00,3577.6,3294,2395,0,1686.8000000000002,2224.9,2833,3234.83,2448.52,2187.25,0,1962.37,2838.75,1744.25
12/05/2024 23:15,3577.6,3294,2395,0,1686.8000000000002,2224.9,2833,3234.83,2448.52,2187.25,0,1962.37,2838.75,1744.25
12/05/2024 23:30,3577.6,3294,2395,0,1686.8000000000002,2224.9,2833,3234.83,2448.52,2187.25,0,1962.37,2838.75,1744.25
12/05/2024 23:45,3577.6,3294,2395,0,1686.8000000000002,2224.9,2833,3234.83,2448.52,2187.25,0,1962.37,2838.75,1744.25
13/05/2024 00:00,2949.25,3578.55,2257,0,3038.8,1708,3028,2750.11,2715.87,1882.75,0,2570.75,2562,2034
13/05/2024 00:15,2949.25,3578.55,2257,0,3038.8,1708,3028,2750.11,2715.87,1882.75,0,2570.75,2562,2034
13/05/2024 00:30,2949.25,3578.55,2257,0,3038.8,1708,3028,2750.11,2715.87,1882.75,0,2570.75,2562,2034
13/05/2024 00:45,2949.25,3578.55,2257,0,3038.8,1708,3028,2750.11,2715.87,1882.75,0,2570.75,2562,2034
13/05/2024 01:00,3141.3,3293.65,2257,0,3021,1707,3028,2737.11,2742.43,1720.25,0,3172.48,2647.75,2042.75
13/05/2024 01:15,3141.3,3293.65,2257,0,3021,1707,3028,2737.11,2742.43,1720.25,0,3172.48,2647.75,2042.75
13/05/2024 01:30,3141.3,3293.65,2257,0,3021,1707,3028,2737.11,2742.43,1720.25,0,3172.48,2647.75,2042.75
13/05/2024 01:45,3141.3,3293.65,2257,0,3021,1707,3028,2737.11,2742.43,1720.25,0,3172.48,2647.75,2042.75
13/05/2024 02:00,3229.8,3591,3257,0,2800,1694.9,3028,2839.62,2991.19,1894,0,2605.2,2847,2045
13/05/2024 02:15,3229.8,3591,3257,0,2800,1694.9,3028,2839.62,2991.19,1894,0,2605.2,2847,2045
13/05/2024 02:30,3229.8,3591,3257,0,2800,1694.9,3028,2839.62,2991.19,1894,0,2605.2,2847,2045
13/05/2024 02:45,3229.8,3591,3257,0,2800,1694.9,3028,2839.62,2991.19,1894,0,2605.2,2847,2045
13/05/2024 03:00,3369,3681.7,3372,0,2900,1723.1,3028,3190.18,3068.91,2056.75,0,2839.56,3037.25,2044.25
13/05/2024 03:15,3369,3681.7,3372,0,2900,1723.1,3028,3190.18,3068.91,2056.75,0,2839.56,3037.25,2044.25
13/05/2024 03:30,3369,3681.7,3372,0,2900,1723.1,3028,3190.18,3068.91,2056.75,0,2839.56,3037.25,2044.25
13/05/2024 03:45,3369,3681.7,3372,0,2900,1723.1,3028,3190.18,3068.91,2056.75,0,2839.56,3037.25,2044.25
13/05/2024 04:00,3235.3,4203,3122,0,2850,1727,2830,3509.9,3128.69,2046.75,0,2918.43,3055,1871
13/05/2024 04:15,3235.3,4203,3122,0,2850,1727,2830,3509.9,3128.69,2046.75,0,2918.43,3055,1871
13/05/2024 04:30,3235.3,4203,3122,0,2850,1727,2830,3509.9,3128.69,2046.75,0,2918.43,3055,1871
13/05/2024 04:45,3235.3,4203,3122,0,2850,1727,2830,3509.9,3128.69,2046.75,0,2918.43,3055,1871
13/05/2024 05:00,3677.55,4180,2872,0,2700,1727,2504,3735.07,3023,2029.75,0,2737.65,2732,1548.5
13/05/2024 05:15,3677.55,4180,2872,0,2700,1727,2504,3735.07,3023,2029.75,0,2737.65,2732,1548.5
13/05/2024 05:30,3677.55,4180,2872,0,2700,1727,2504,3735.07,3023,2029.75,0,2737.65,2732,1548.5
13/05/2024 05:45,3677.55,4180,2872,0,2700,1727,2504,3735.07,3023,2029.75,0,2737.65,2732,1548.5
13/05/2024 06:00,3667.75,2641,2872,0,2700,1727,3028,3501.49,2859.16,1935.5,0,2676.28,2040.25,1972.25
13/05/2024 06:15,3667.75,2641,2872,0,2700,1727,3028,3501.49,2859.16,1935.5,0,2676.28,2040.25,1972.25
13/05/2024 06:30,3667.75,2641,2872,0,2700,1727,3028,3501.49,2859.16,1935.5,0,2676.28,2040.25,1972.25
13/05/2024 06:45,3667.75,2641,2872,0,2700,1727,3028,3501.49,2859.16,1935.5,0,2676.28,2040.25,1972.25
13/05/2024 07:00,4006,3196.4,2756,0,950.8,1427,3028,4137.17,2881.27,1932.75,0,1471.61,1433.5,2043.5
13/05/2024 07:15,4006,3196.4,2756,0,950.8,1427,3028,4137.17,2881.27,1932.75,0,1471.61,1433.5,2043.5
13/05/2024 07:30,4006,3196.4,2756,0,950.8,1427,3028,4137.17,2881.27,1932.75,0,1471.61,1433.5,2043.5
13/05/2024 07:45,4006,3196.4,2756,0,950.8,1427,3028,4137.17,2881.27,1932.75,0,1471.61,1433.5,2043.5
13/05/2024 08:00,4002.9,4553,2756,0,-1331.6,1199.9,3028,3799.82,2731.53,2281.75,0,-1056.9,1841.5,2039.25
13/05/2024 08:15,4002.9,4553,2756,0,-1331.6,1199.9,3028,3799.82,2731.53,2281.75,0,-1056.9,1841.5,2039.25
13/05/2024 08:30,4002.9,4553,2756,0,-1331.6,1199.9,3028,3799.82,2731.53,2281.75,0,-1056.9,1841.5,2039.25
13/05/2024 08:45,4002.9,4553,2756,0,-1331.6,1199.9,3028,3799.82,2731.53,2281.75,0,-1056.9,1841.5,2039.25
13/05/2024 09:00,3302.7,5332.05,2650,0,-1818.8,178.30000000000018,2731,3545.55,2835.33,2132,0,-1641.32,2110,1763.5
13/05/2024 09:15,3302.7,5332.05,2650,0,-1818.8,178.30000000000018,2731,3545.55,2835.33,2132,0,-1641.32,2110,1763.5
13/05/2024 09:30,3302.7,5332.05,2650,0,-1818.8,178.30000000000018,2731,3545.55,2835.33,2132,0,-1641.32,2110,1763.5
13/05/2024 09:45,3302.7,5332.05,2650,0,-1818.8,178.30000000000018,2731,3545.55,2835.33,2132,0,-1641.32,2110,1763.5
13/05/2024 10:00,2741.35,2678,3150,0,94.40000000000003,980.8,2411,2187.69,1933.73,1877,0,-197.83,2087.5,1436.5
13/05/2024 10:15,2741.35,2678,3150,0,94.40000000000003,980.8,2411,2187.69,1933.73,1877,0,-197.83,2087.5,1436.5
13/05/2024 10:30,2741.35,2678,3150,0,94.40000000000003,980.8,2411,2187.69,1933.73,1877,0,-197.83,2087.5,1436.5
13/05/2024 10:45,2741.35,2678,3150,0,94.40000000000003,980.8,2411,2187.69,1933.73,1877,0,-197.83,2087.5,1436.5
13/05/2024 11:00,2836.3,1842.85,3150,0,325.2,717.5999999999999,2153,1501.31,1704.39,1792.25,0,391.78,2196.5,1176
13/05/2024 11:15,2836.3,1842.85,3150,0,325.2,717.5999999999999,2153,1501.31,1704.39,1792.25,0,391.78,2196.5,1176
13/05/2024 11:30,2836.3,1842.85,3150,0,325.2,717.5999999999999,2153,1501.31,1704.39,1792.25,0,391.78,2196.5,1176
13/05/2024 11:45,2836.3,1842.85,3150,0,325.2,717.5999999999999,2153,1501.31,1704.39,1792.25,0,391.78,2196.5,1176
13/05/2024 12:00,-318.3,-105.1,3347,0,1674.1,-718.1,2705,-1137.69,181.2,1002.25,0,1609.67,992.75,1677.25
13/05/2024 12:15,-318.3,-105.1,3347,0,1674.1,-718.1,2705,-1137.69,181.2,1002.25,0,1609.67,992.75,1677.25
13/05/2024 12:30,-318.3,-105.1,3347,0,1674.1,-718.1,2705,-1137.69,181.2,1002.25,0,1609.67,992.75,1677.25
13/05/2024 12:45,-318.3,-105.1,3347,0,1674.1,-718.1,2705,-1137.69,181.2,1002.25,0,1609.67,992.75,1677.25
13/05/2024 13:00,-711,-1051,3347,0,1813.4,-517.4,2745,-1493.2,-160.85,927,0,1883.12,613.25,1737
13/05/2024 13:15,-711,-1051,3347,0,1813.4,-517.4,2745,-1493.2,-160.85,927,0,1883.12,613.25,1737
13/05/2024 13:30,-711,-1051,3347,0,1813.4,-517.4,2745,-1493.2,-160.85,927,0,1883.12,613.25,1737
13/05/2024 13:45,-711,-1051,3347,0,1813.4,-517.4,2745,-1493.2,-160.85,927,0,1883.12,613.25,1737
13/05/2024 14:00,-427.25,-348.95,3347,0,1741.9,-383.35,2533,-1005.43,107.77,1287,0,1870.55,511,1529.5
13/05/2024 14:15,-427.25,-348.95,3347,0,1741.9,-383.35,2533,-1005.43,107.77,1287,0,1870.55,511,1529.5
13/05/2024 14:30,-427.25,-348.95,3347,0,1741.9,-383.35,2533,-1005.43,107.77,1287,0,1870.55,511,1529.5
13/05/2024 14:45,-427.25,-348.95,3347,0,1741.9,-383.35,2533,-1005.43,107.77,1287,0,1870.55,511,1529.5
13/05/2024 15:00,582.85,1758.85,3096,0,1827.5,862,2929,964.45,1593.75,1496.5,0,2057.88,1400,1939.75
13/05/2024 15:15,582.85,1758.85,3096,0,1827.5,862,2929,964.45,1593.75,1496.5,0,2057.88,1400,1939.75
13/05/2024 15:30,582.85,1758.85,3096,0,1827.5,862,2929,964.45,1593.75,1496.5,0,2057.88,1400,1939.75
13/05/2024 15:45,582.85,1758.85,3096,0,1827.5,862,2929,964.45,1593.75,1496.5,0,2057.88,1400,1939.75
13/05/2024 16:00,2535.35,4598.35,3096,0,-1000,1084.5,2544,2526.29,2717.83,1800.5,0,-207.58,2645.5,1589.25
13/05/2024 16:15,2535.35,4598.35,3096,0,-1000,1084.5,2544,2526.29,2717.83,1800.5,0,-207.58,2645.5,1589.25
13/05/2024 16:30,2535.35,4598.35,3096,0,-1000,1084.5,2544,2526.29,2717.83,1800.5,0,-207.58,2645.5,1589.25
13/05/2024 16:45,2535.35,4598.35,3096,0,-1000,1084.5,2544,2526.29,2717.83,1800.5,0,-207.58,2645.5,1589.25
13/05/2024 17:00,2913.3,4047,3096,0,-1600,1271.6,2446,2682.46,2844.2,1663,0,-1193.16,2533.25,1435
13/05/2024 17:15,2913.3,4047,3096,0,-1600,1271.6,2446,2682.46,2844.2,1663,0,-1193.16,2533.25,1435
13/05/2024 17:30,2913.3,4047,3096,0,-1600,1271.6,2446,2682.46,2844.2,1663,0,-1193.16,2533.25,1435
13/05/2024 17:45,2913.3,4047,3096,0,-1600,1271.6,2446,2682.46,2844.2,1663,0,-1193.16,2533.25,1435
13/05/2024 18:00,2687.1,3687.5,3302,0,-2400,1305,3028,2700.36,3054.28,2057,0,-2203,2094,2000
13/05/2024 18:15,2687.1,3687.5,3302,0,-2400,1305,3028,2700.36,3054.28,2057,0,-2203,2094,2000
13/05/2024 18:30,2687.1,3687.5,3302,0,-2400,1305,3028,2700.36,3054.28,2057,0,-2203,2094,2000
13/05/2024 18:45,2687.1,3687.5,3302,0,-2400,1305,3028,2700.36,3054.28,2057,0,-2203,2094,2000
13/05/2024 19:00,2871.15,3049.3,3302,0,-2400,1522,3028,3228.39,3176.48,2059.25,0,-2435.92,1417.75,2042.5
13/05/2024 19:15,2871.15,3049.3,3302,0,-2400,1522,3028,3228.39,3176.48,2059.25,0,-2435.92,1417.75,2042.5
13/05/2024 19:30,2871.15,3049.3,3302,0,-2400,1522,3028,3228.39,3176.48,2059.25,0,-2435.92,1417.75,2042.5
13/05/2024 19:45,2871.15,3049.3,3302,0,-2400,1522,3028,3228.39,3176.48,2059.25,0,-2435.92,1417.75,2042.5
13/05/2024 20:00,3354,3428.1,3302,0,-1622.8,1327,3028,3418.2,3280.47,2242.5,0,-1748.68,1653.5,2044
13/05/2024 20:15,3354,3428.1,3302,0,-1622.8,1327,3028,3418.2,3280.47,2242.5,0,-1748.68,1653.5,2044
13/05/2024 20:30,3354,3428.1,3302,0,-1622.8,1327,3028,3418.2,3280.47,2242.5,0,-1748.68,1653.5,2044
13/05/2024 20:45,3354,3428.1,3302,0,-1622.8,1327,3028,3418.2,3280.47,2242.5,0,-1748.68,1653.5,2044
13/05/2024 21:00,3377,3428.1,3189,0,73.69999999999993,1327,3028,2983.35,3293.06,2244.25,0,-112.01,1920,2041.75
13/05/2024 21:15,3377,3428.1,3189,0,73.69999999999993,1327,3028,2983.35,3293.06,2244.25,0,-112.01,1920,2041.75
13/05/2024 21:30,3377,3428.1,3189,0,73.69999999999993,1327,3028,2983.35,3293.06,2244.25,0,-112.01,1920,2041.75
13/05/2024 21:45,3377,3428.1,3189,0,73.69999999999993,1327,3028,2983.35,3293.06,2244.25,0,-112.01,1920,2041.75
13/05/2024 22:00,3864.5,3804,2689,0,-726.6,1280,3028,3038.15,3232.25,2438.5,0,-484.53,2608,2043.25
13/05/2024 22:15,3864.5,3804,2689,0,-726.6,1280,3028,3038.15,3232.25,2438.5,0,-484.53,2608,2043.25
13/05/2024 22:30,3864.5,3804,2689,0,-726.6,1280,3028,3038.15,3232.25,2438.5,0,-484.53,2608,2043.25
13/05/2024 22:45,3864.5,3804,2689,0,-726.6,1280,3028,3038.15,3232.25,2438.5,0,-484.53,2608,2043.25
13/05/2024 23:00,4166,4968.8,2626,0,-1000,1241.2,3028,3664.69,3347.02,2304.75,0,-786.11,2995.25,2041
13/05/2024 23:15,4166,4968.8,2626,0,-1000,1241.2,3028,3664.69,3347.02,2304.75,0,-786.11,2995.25,2041
13/05/2024 23:30,4166,4968.8,2626,0,-1000,1241.2,3028,3664.69,3347.02,2304.75,0,-786.11,2995.25,2041
13/05/2024 23:45,4166,4968.8,2626,0,-1000,1241.2,3028,3664.69,3347.02,2304.75,0,-786.11,2995.25,2041
14/05/2024 00:00,3564,4435,1748,0,1621,2027,1124,3580.15,3420.59,1819.25,0,823.09,2625,1251.75
14/05/2024 00:15,3564,4435,1748,0,1621,2027,1124,3580.15,3420.59,1819.25,0,823.09,2625,1251.75
14/05/2024 00:30,3564,4435,1748,0,1621,2027,1124,3580.15,3420.59,1819.25,0,823.09,2625,1251.75
14/05/2024 00:45,3564,4435,1748,0,1621,2027,1124,3580.15,3420.59,1819.25,0,823.09,2625,1251.75
14/05/2024 01:00,3181,4991,2348,0,2305.4,1827,1257,3374.95,3714.85,1717.25,0,2176.04,2954.25,1251.5
14/05/2024 01:15,3181,4991,2348,0,2305.4,1827,1257,3374.95,3714.85,1717.25,0,2176.04,2954.25,1251.5
14/05/2024 01:30,3181,4991,2348,0,2305.4,1827,1257,3374.95,3714.85,1717.25,0,2176.04,2954.25,1251.5
14/05/2024 01:45,3181,4991,2348,0,2305.4,1827,1257,3374.95,3714.85,1717.25,0,2176.04,2954.25,1251.5
14/05/2024 02:00,3256,5230,2748,0,1793.7,2227,1290,3327.6,3856.49,1875.25,0,1638.78,3475.25,1298
14/05/2024 02:15,3256,5230,2748,0,1793.7,2227,1290,3327.6,3856.49,1875.25,0,1638.78,3475.25,1298
14/05/2024 02:30,3256,5230,2748,0,1793.7,2227,1290,3327.6,3856.49,1875.25,0,1638.78,3475.25,1298
14/05/2024 02:45,3256,5230,2748,0,1793.7,2227,1290,3327.6,3856.49,1875.25,0,1638.78,3475.25,1298
14/05/2024 03:00,2952,5392,2748,0,1447.4,2227,1665,3232.82,3891.2,1974.25,0,1516.98,3736.75,1635.25
14/05/2024 03:15,2952,5392,2748,0,1447.4,2227,1665,3232.82,3891.2,1974.25,0,1516.98,3736.75,1635.25
14/05/2024 03:30,2952,5392,2748,0,1447.4,2227,1665,3232.82,3891.2,1974.25,0,1516.98,3736.75,1635.25
14/05/2024 03:45,2952,5392,2748,0,1447.4,2227,1665,3232.82,3891.2,1974.25,0,1516.98,3736.75,1635.25
14/05/2024 04:00,2750,5442,2748,0,2241.5,2227,1488,3007.54,3783.48,1847.75,0,2122.59,3568.75,1527.25
14/05/2024 04:15,2750,5442,2748,0,2241.5,2227,1488,3007.54,3783.48,1847.75,0,2122.59,3568.75,1527.25
14/05/2024 04:30,2750,5442,2748,0,2241.5,2227,1488,3007.54,3783.48,1847.75,0,2122.59,3568.75,1527.25
14/05/2024 04:45,2750,5442,2748,0,2241.5,2227,1488,3007.54,3783.48,1847.75,0,2122.59,3568.75,1527.25
14/05/2024 05:00,3358.3,4661,2748,0,2329.3,2227,1500,3307.96,3533.23,1741.5,0,2438.54,3266,1506
14/05/2024 05:15,3358.3,4661,2748,0,2329.3,2227,1500,3307.96,3533.23,1741.5,0,2438.54,3266,1506
14/05/2024 05:30,3358.3,4661,2748,0,2329.3,2227,1500,3307.96,3533.23,1741.5,0,2438.54,3266,1506
14/05/2024 05:45,3358.3,4661,2748,0,2329.3,2227,1500,3307.96,3533.23,1741.5,0,2438.54,3266,1506
14/05/2024 06:00,3535.6000000000004,4249,2748,0,1383.8,1752,1317,3428.35,3564.91,1826.5,0,1816.36,2948,1311.5
14/05/2024 06:15,3535.6000000000004,4249,2748,0,1383.8,1752,1317,3428.35,3564.91,1826.5,0,1816.36,2948,1311.5
14/05/2024 06:30,3535.6000000000004,4249,2748,0,1383.8,1752,1317,3428.35,3564.91,1826.5,0,1816.36,2948,1311.5
14/05/2024 06:45,3535.6000000000004,4249,2748,0,1383.8,1752,1317,3428.35,3564.91,1826.5,0,1816.36,2948,1311.5
14/05/2024 07:00,3210.7000000000003,5389.8,2510,0,996.2,1437,969,3536.7,3653.6,1960.5,0,982.69,2583.75,1016.5
14/05/2024 07:15,3210.7000000000003,5389.8,2510,0,996.2,1437,969,3536.7,3653.6,1960.5,0,982.69,2583.75,1016.5
14/05/2024 07:30,3210.7000000000003,5389.8,2510,0,996.2,1437,969,3536.7,3653.6,1960.5,0,982.69,2583.75,1016.5
14/05/2024 07:45,3210.7000000000003,5389.8,2510,0,996.2,1437,969,3536.7,3653.6,1960.5,0,982.69,2583.75,1016.5
14/05/2024 08:00,3214.15,5543,2510,0,-1093.7,1437,720,3396.31,3349.03,1804.5,0,-840.57,2686.75,783.75
14/05/2024 08:15,3214.15,5543,2510,0,-1093.7,1437,720,3396.31,3349.03,1804.5,0,-840.57,2686.75,783.75
14/05/2024 08:30,3214.15,5543,2510,0,-1093.7,1437,720,3396.31,3349.03,1804.5,0,-840.57,2686.75,783.75
14/05/2024 08:45,3214.15,5543,2510,0,-1093.7,1437,720,3396.31,3349.03,1804.5,0,-840.57,2686.75,783.75
14/05/2024 09:00,1936.05,3053.95,3010,0,-1550,2134.5,523,1815.74,2324.05,1538.75,0,-1416.55,2449,531.25
14/05/2024 09:15,1936.05,3053.95,3010,0,-1550,2134.5,523,1815.74,2324.05,1538.75,0,-1416.55,2449,531.25
14/05/2024 09:30,1936.05,3053.95,3010,0,-1550,2134.5,523,1815.74,2324.05,1538.75,0,-1416.55,2449,531.25
14/05/2024 09:45,1936.05,3053.95,3010,0,-1550,2134.5,523,1815.74,2324.05,1538.75,0,-1416.55,2449,531.25
14/05/2024 10:00,133.70000000000005,-30.75,3010,0,-1545.3,2150.15,554,-314.92,852.03,1082,0,-1514.43,1419.75,548
14/05/2024 10:15,133.70000000000005,-30.75,3010,0,-1545.3,2150.15,554,-314.92,852.03,1082,0,-1514.43,1419.75,548
14/05/2024 10:30,133.70000000000005,-30.75,3010,0,-1545.3,2150.15,554,-314.92,852.03,1082,0,-1514.43,1419.75,548
14/05/2024 10:45,133.70000000000005,-30.75,3010,0,-1545.3,2150.15,554,-314.92,852.03,1082,0,-1514.43,1419.75,548
14/05/2024 11:00,-1911.6,-793.65,3010,0,675.3,1260.6,575,-1913.41,-168.65,824,0,253.31,755.5,548
14/05/2024 11:15,-1911.6,-793.65,3010,0,675.3,1260.6,575,-1913.41,-168.65,824,0,253.31,755.5,548
14/05/2024 11:30,-1911.6,-793.65,3010,0,675.3,1260.6,575,-1913.41,-168.65,824,0,253.31,755.5,548
14/05/2024 11:45,-1911.6,-793.65,3010,0,675.3,1260.6,575,-1913.41,-168.65,824,0,253.31,755.5,548
14/05/2024 12:00,-2589.3,-2599.75,2855,0,1094.4,868.3,1340,-2587.54,-858.79,585,0,1246.68,51.5,355.75
14/05/2024 12:15,-2589.3,-2599.75,2855,0,1094.4,868.3,1340,-2587.54,-858.79,585,0,1246.68,51.5,355.75
14/05/2024 12:30,-2589.3,-2599.75,2855,0,1094.4,868.3,1340,-2587.54,-858.79,585,0,1246.68,51.5,355.75
14/05/2024 12:45,-2589.3,-2599.75,2855,0,1094.4,868.3,1340,-2587.54,-858.79,585,0,1246.68,51.5,355.75
14/05/2024 13:00,-2047.4,-2277.15,2855,0,1300,892.05,1934,-2013.88,-643.47,765.5,0,1116.87,-121.5,940
14/05/2024 13:15,-2047.4,-2277.15,2855,0,1300,892.05,1934,-2013.88,-643.47,765.5,0,1116.87,-121.5,940
14/05/2024 13:30,-2047.4,-2277.15,2855,0,1300,892.05,1934,-2013.88,-643.47,765.5,0,1116.87,-121.5,940
14/05/2024 13:45,-2047.4,-2277.15,2855,0,1300,892.05,1934,-2013.88,-643.47,765.5,0,1116.87,-121.5,940
14/05/2024 14:00,-1690.3,-2566.2,2855,0,1300,966.2,1959,-1872.98,-726.51,820.5,0,1032.72,-249,954.25
14/05/2024 14:15,-1690.3,-2566.2,2855,0,1300,966.2,1959,-1872.98,-726.51,820.5,0,1032.72,-249,954.25
14/05/2024 14:30,-1690.3,-2566.2,2855,0,1300,966.2,1959,-1872.98,-726.51,820.5,0,1032.72,-249,954.25
14/05/2024 14:45,-1690.3,-2566.2,2855,0,1300,966.2,1959,-1872.98,-726.51,820.5,0,1032.72,-249,954.25
14/05/2024 15:00,-448.45,-1546.6,3033,0,852.8,1379.05,1935,-987.5,-366.61,1018.25,0,909.98,190.5,936.5
14/05/2024 15:15,-448.45,-1546.6,3033,0,852.8,1379.05,1935,-987.5,-366.61,1018.25,0,909.98,190.5,936.5
14/05/2024 15:30,-448.45,-1546.6,3033,0,852.8,1379.05,1935,-987.5,-366.61,1018.25,0,909.98,190.5,936.5
14/05/2024 15:45,-448.45,-1546.6,3033,0,852.8,1379.05,1935,-987.5,-366.61,1018.25,0,909.98,190.5,936.5
14/05/2024 16:00,1482.9,-48.8,3373,0,-1526.4,2088.35,947,1236.41,983.82,1680.25,0,-814.49,1510.25,954.5
14/05/2024 16:15,1482.9,-48.8,3373,0,-1526.4,2088.35,947,1236.41,983.82,1680.25,0,-814.49,1510.25,954.5
14/05/2024 16:30,1482.9,-48.8,3373,0,-1526.4,2088.35,947,1236.41,983.82,1680.25,0,-814.49,1510.25,954.5
14/05/2024 16:45,1482.9,-48.8,3373,0,-1526.4,2088.35,947,1236.41,983.82,1680.25,0,-814.49,1510.25,954.5
14/05/2024 17:00,2763,4168.8,3159,0,-1379.7,1927,1364,3306.15,2711.56,2140.5,0,-1403.45,3023.75,1284
14/05/2024 17:15,2763,4168.8,3159,0,-1379.7,1927,1364,3306.15,2711.56,2140.5,0,-1403.45,3023.75,1284
14/05/2024 17:30,2763,4168.8,3159,0,-1379.7,1927,1364,3306.15,2711.56,2140.5,0,-1403.45,3023.75,1284
14/05/2024 17:45,2763,4168.8,3159,0,-1379.7,1927,1364,3306.15,2711.56,2140.5,0,-1403.45,3023.75,1284
14/05/2024 18:00,3453.3500000000004,3173.65,2252,0,-450,968.05,3028,3019.89,2037.77,1798.75,0,-621.59,2143.25,1970.75
14/05/2024 18:15,3453.3500000000004,3173.65,2252,0,-450,968.05,3028,3019.89,2037.77,1798.75,0,-621.59,2143.25,1970.75
14/05/2024 18:30,3453.3500000000004,3173.65,2252,0,-450,968.05,3028,3019.89,2037.77,1798.75,0,-621.59,2143.25,1970.75
14/05/2024 18:45,3453.3500000000004,3173.65,2252,0,-450,968.05,3028,3019.89,2037.77,1798.75,0,-621.59,2143.25,1970.75
14/05/2024 19:00,3429.9500000000003,2693.75,2952,0,-450,1735.6,3028,3744.39,2449.17,1812.25,0,-311.63,1507,2043.25
14/05/2024 19:15,3429.9500000000003,2693.75,2952,0,-450,1735.6,3028,3744.39,2449.17,1812.25,0,-311.63,1507,2043.25
14/05/2024 19:30,3429.9500000000003,2693.75,2952,0,-450,1735.6,3028,3744.39,2449.17,1812.25,0,-311.63,1507,2043.25
14/05/2024 19:45,3429.9500000000003,2693.75,2952,0,-450,1735.6,3028,3744.39,2449.17,1812.25,0,-311.63,1507,2043.25
14/05/2024 20:00,3183,2989.5,2952,0,-450,2227,2014,3665.98,2845.73,2089.75,0,-326.19,1928.5,2044
14/05/2024 20:15,3183,2989.5,2952,0,-450,2227,2014,3665.98,2845.73,2089.75,0,-326.19,1928.5,2044
14/05/2024 20:30,3183,2989.5,2952,0,-450,2227,2014,3665.98,2845.73,2089.75,0,-326.19,1928.5,2044
14/05/2024 20:45,3183,2989.5,2952,0,-450,2227,2014,3665.98,2845.73,2089.75,0,-326.19,1928.5,2044
14/05/2024 21:00,3719,1882,2572,0,545.3,2227,2014,3692.53,2373,1746,0,530.44,1702,2044.5
14/05/2024 21:15,3719,1882,2572,0,545.3,2227,2014,3692.53,2373,1746,0,530.44,1702,2044.5
14/05/2024 21:30,3719,1882,2572,0,545.3,2227,2014,3692.53,2373,1746,0,530.44,1702,2044.5
14/05/2024 21:45,3719,1882,2572,0,545.3,2227,2014,3692.53,2373,1746,0,530.44,1702,2044.5
14/05/2024 22:00,3943,2316.55,2572,0,-450,2054,2014,3895.32,2578.56,1895,0,-203.73,1709.75,2042.5
14/05/2024 22:15,3943,2316.55,2572,0,-450,2054,2014,3895.32,2578.56,1895,0,-203.73,1709.75,2042.5
14/05/2024 22:30,3943,2316.55,2572,0,-450,2054,2014,3895.32,2578.56,1895,0,-203.73,1709.75,2042.5
14/05/2024 22:45,3943,2316.55,2572,0,-450,2054,2014,3895.32,2578.56,1895,0,-203.73,1709.75,2042.5
14/05/2024 23:00,4075,2765,2328,0,-436.1,2224,2014,3947.44,2619.15,1931,0,-459.59,1958.75,2042.25
14/05/2024 23:15,4075,2765,2328,0,-436.1,2224,2014,3947.44,2619.15,1931,0,-459.59,1958.75,2042.25
14/05/2024 23:30,4075,2765,2328,0,-436.1,2224,2014,3947.44,2619.15,1931,0,-459.59,1958.75,2042.25
14/05/2024 23:45,4075,2765,2328,0,-436.1,2224,2014,3947.44,2619.15,1931,0,-459.59,1958.75,2042.25
